Sl_No,Name,Release_Year,Rating,Genre,Duration,Stars,Director
1,The Shawshank Redemption,1994,9.3,Drama,2h 22m,"Tim Robbins,Morgan Freeman,Bob Gunton,William Sadler,Clancy Brown,Gil Bellows,Mark Rolston,James Whitmore,Jeffrey DeMunn,Larry Brandenburg,Neil Giuntoli,Brian Libby,David Proval,Joseph Ragno,Jude Ciccolella,Paul McCrane,Renee Blaine,Scott Mann",Frank Darabont
2,The Godfather,1972,9.2,"Crime,Drama",2h 55m,"Marlon Brando,Al Pacino,James Caan,Diane Keaton,Richard S. Castellano,Robert Duvall,Sterling Hayden,John Marley,Richard Conte,Al Lettieri,Abe Vigoda,Talia Shire,Gianni Russo,John Cazale,Rudy Bond,Al Martino,Morgana King,Lenny Montana",Francis Ford Coppola
3,The Dark Knight,2008,9,"Action,Crime,Drama",2h 32m,"Christian Bale,Heath Ledger,Aaron Eckhart,Michael Caine,Maggie Gyllenhaal,Gary Oldman,Morgan Freeman,Monique Gabriela Curnen,Ron Dean,Cillian Murphy,Chin Han,Nestor Carbonell,Eric Roberts,Ritchie Coster,Anthony Michael Hall,Keith Szarabajka,Colin McFarlane,Joshua Harto",Christopher Nolan
4,The Godfather Part II,1974,9,"Crime,Drama",3h 22m,"Al Pacino,Robert De Niro,Robert Duvall,Diane Keaton,John Cazale,Talia Shire,Lee Strasberg,Michael V. Gazzo,G.D. Spradlin,Richard Bright,Gastone Moschin,Tom Rosqui,Bruno Kirby,Frank Sivero,Francesca De Sapio,Morgana King,Marianna Hill,Leopoldo Trieste",Francis Ford Coppola
5,12 Angry Men,1957,9,"Crime,Drama",1h 36m,"Henry Fonda,Lee J. Cobb,Martin Balsam,John Fiedler,E.G. Marshall,Jack Klugman,Edward Binns,Jack Warden,Joseph Sweeney,Ed Begley,George Voskovec,Robert Webber,Rudy Bond,Tom Gorman,James Kelly,Billy Nelson,John Savoca,Walter Stocker",Sidney Lumet
6,Schindler's List,1993,9,"Biography,Drama,History",3h 15m,"Liam Neeson,Ralph Fiennes,Ben Kingsley,Caroline Goodall,Jonathan Sagall,Embeth Davidtz,Malgorzata Gebel,Shmuel Levy,Mark Ivanir,B��atrice Macola,Andrzej Seweryn,Friedrich von Thun,Krzysztof Luft,Harry Nehring,Norbert Weisser,Adi Nitzan,Michael Schneider,Miri Fabian",Steven Spielberg
7,The Lord of the Rings: The Return of the King,2003,9,"Action,Adventure,Drama",3h 21m,"Elijah Wood,Viggo Mortensen,Ian McKellen,Orlando Bloom,Noel Appleby,Ali Astin,Sean Astin,David Aston,John Bach,Sean Bean,Cate Blanchett,Billy Boyd,Sadwyn Brophy,Alistair Browning,Marton Csokas,Richard Edge,Jason Fitch,Bernard Hill",Peter Jackson
8,Pulp Fiction,1994,8.9,"Crime,Drama",2h 34m,"John Travolta,Uma Thurman,Samuel L. Jackson,Bruce Willis,Tim Roth,Amanda Plummer,Laura Lovelace,Phil LaMarr,Frank Whaley,Burr Steers,Ving Rhames,Paul Calderon,Bronagh Gallagher,Rosanna Arquette,Eric Stoltz,Jerome Patrick Hoban,Michael Gilden,Gary Shorelle",Quentin Tarantino
9,The Lord of the Rings: The Fellowship of the Ring,2001,8.8,"Action,Adventure,Drama",2h 58m,"Elijah Wood,Ian McKellen,Orlando Bloom,Sean Bean,Alan Howard,Noel Appleby,Sean Astin,Sala Baker,Billy Boyd,Andy Serkis,Marton Csokas,Viggo Mortensen,Megan Edwards,Michael Elsworth,Cate Blanchett,Mark Ferguson,Ian Holm,Christopher Lee",Peter Jackson
10,"The Good, the Bad and the Ugly",1966,8.8,"Adventure,Western",2h 58m,"Clint Eastwood,Eli Wallach,Lee Van Cleef,Aldo Giuffr��,Luigi Pistilli,Rada Rassimov,Enzo Petito,Claudio Scarchilli,John Bartha,Livio Lorenzon,Antonio Casale,Sandro Scarchilli,Benito Stefanelli,Angelo Novi,Antonio Casas,Aldo Sambrell,Al Mulock,Sergio Mendiz��bal",Sergio Leone
11,Forrest Gump,1994,8.8,"Drama,Romance",2h 22m,"Tom Hanks,Robin Wright,Gary Sinise,Sally Field,Rebecca Williams,Michael Conner Humphreys,Harold G. Herthum,George Kelly,Bob Penny,John Randall,Sam Anderson,Margo Moorer,Ione M. Telech,Christine Seabrook,John Worsham,Peter Dobson,Siobhan Fallon Hogan,Alexander Zemeckis",Robert Zemeckis
12,Fight Club,1999,8.8,Drama,2h 19m,"Brad Pitt,Edward Norton,Meat Loaf,Zach Grenier,Richmond Arquette,David Andrews,George Maguire,Eugenie Bondurant,Christina Cabot,Helena Bonham Carter,Sydney 'Big Dawg' Colston,Rachel Singer,Christie Cronenweth,Tim DeZarn,Ezra Buzzington,Dierdre Downing-Jackson,Bob Stephenson,Charlie Dell",David Fincher
13,The Lord of the Rings: The Two Towers,2002,8.8,"Action,Adventure,Drama",2h 59m,"Elijah Wood,Ian McKellen,Viggo Mortensen,Orlando Bloom,Bruce Allpress,Sean Astin,John Bach,Sala Baker,Cate Blanchett,Billy Boyd,Jed Brophy,Sam Comery,Brad Dourif,Calum Gittins,Bernard Hill,Bruce Hopkins,Paris Howe Strewe,Christopher Lee",Peter Jackson
14,Inception,2010,8.8,"Action,Adventure,Sci-Fi",2h 28m,"Leonardo DiCaprio,Joseph Gordon-Levitt,Elliot Page,Ken Watanabe,Tom Hardy,Dileep Rao,Cillian Murphy,Tom Berenger,Marion Cotillard,Pete Postlethwaite,Michael Caine,Lukas Haas,Tai-Li Lee,Claire Geare,Magnus Nolan,Taylor Geare,Johnathan Geare,Tohoru Masamune",Christopher Nolan
15,Star Wars: Episode V - The Empire Strikes Back,1980,8.7,"Action,Adventure,Fantasy",2h 4m,"Mark Hamill,Harrison Ford,Carrie Fisher,Billy Dee Williams,Anthony Daniels,David Prowse,Peter Mayhew,Kenny Baker,Frank Oz,Alec Guinness,Jeremy Bulloch,John Hollis,Jack Purvis,Des Webb,Clive Revill,Kenneth Colley,Julian Glover,Michael Sheard",Irvin Kershner
16,The Matrix,1999,8.7,"Action,Sci-Fi",2h 16m,"Keanu Reeves,Laurence Fishburne,Carrie-Anne Moss,Hugo Weaving,Gloria Foster,Joe Pantoliano,Marcus Chong,Julian Arahanga,Matt Doran,Belinda McClory,Anthony Ray Parker,Paul Goddard,Robert Taylor,David Aston,Marc Aden Gray,Ada Nicodemou,Deni Gordon,Rowan Witt","Lana Wachowski,Lilly Wachowski"
17,Goodfellas,1990,8.7,"Biography,Crime,Drama",2h 25m,"Robert De Niro,Ray Liotta,Joe Pesci,Lorraine Bracco,Paul Sorvino,Frank Sivero,Tony Darrow,Mike Starr,Frank Vincent,Chuck Low,Frank DiLeo,Henny Youngman,Gina Mastrogiacomo,Catherine Scorsese,Charles Scorsese,Suzanne Shepherd,Debi Mazar,Margo Winkler",Martin Scorsese
18,One Flew Over the Cuckoo's Nest,1975,8.7,Drama,2h 13m,"Jack Nicholson,Louise Fletcher,Michael Berryman,Peter Brocco,Dean R. Brooks,Alonzo Brown,Scatman Crothers,Mwako Cumbuka,Danny DeVito,William Duell,Josip Elic,Lan Fendors,Nathan George,Ken Kenny,Mel Lambert,Sydney Lassick,Kay Lee,Christopher Lloyd",Milos Forman
19,Se7en,1995,8.6,"Crime,Drama,Mystery",2h 7m,"Morgan Freeman,Brad Pitt,Kevin Spacey,Andrew Kevin Walker,Daniel Zacapa,Gwyneth Paltrow,John Cassini,Bob Mack,Peter Crombie,Reg E. Cathey,R. Lee Ermey,George Christy,Endre Hules,Hawthorne James,William Davidson,Bob Collins,Jimmy Dale Hartsell,Richard Roundtree",David Fincher
20,Seven Samurai,1954,8.6,"Action,Drama",3h 27m,"Toshir? Mifune,Takashi Shimura,Keiko Tsushima,Yukiko Shimazaki,Kamatari Fujiwara,Daisuke Kat?,Isao Kimura,Minoru Chiaki,Seiji Miyaguchi,Yoshio Kosugi,Bokuzen Hidari,Yoshio Inaba,Yoshio Tsuchiya,Kokuten K?d?,Eijir? T?no,Kichijir? Ueda,Jun Tatara,Atsushi Watanabe",Akira Kurosawa
21,It's a Wonderful Life,1946,8.6,"Drama,Family,Fantasy",2h 10m,"James Stewart,Donna Reed,Lionel Barrymore,Thomas Mitchell,Henry Travers,Beulah Bondi,Frank Faylen,Ward Bond,Gloria Grahame,H.B. Warner,Frank Albertson,Todd Karns,Samuel S. Hinds,Mary Treen,Virginia Patton,Charles Williams,Sarah Edwards,William Edmunds",Frank Capra
22,The Silence of the Lambs,1991,8.6,"Crime,Drama,Thriller",1h 58m,"Jodie Foster,Anthony Hopkins,Lawrence A. Bonney,Kasi Lemmons,Lawrence T. Wrentz,Scott Glenn,Anthony Heald,Frankie Faison,Don Brockett,Frank Seals Jr.,Stuart Rudin,Maria Skorobogatov,Jeffrie Lane,Leib Lensky,George 'Red' Schwartz,Jim Roche,Brooke Smith,Ted Levine",Jonathan Demme
23,City of God,2002,8.6,"Crime,Drama",2h 10m,"Alexandre Rodrigues,Leandro Firmino,Matheus Nachtergaele,Phellipe Haagensen,Douglas Silva,Jonathan Haagensen,Seu Jorge,Jefechander Suplino,Alice Braga,Emerson Gomes,Edson Oliveira,Michel Gomes,Roberta Rodrigues,Luis Ot��vio,Kiko Marques,Gustavo Engr��cia,Darlan Cunha,Robson Rocha","Fernando Meirelles,K��tia Lund(co-director)"
24,Saving Private Ryan,1998,8.6,"Drama,War",2h 49m,"Tom Hanks,Matt Damon,Tom Sizemore,Edward Burns,Barry Pepper,Adam Goldberg,Vin Diesel,Giovanni Ribisi,Jeremy Davies,Ted Danson,Paul Giamatti,Dennis Farina,Joerg Stadler,Max Martini,Dylan Bruno,Daniel Cerqueira,Demetri Goritsas,Ian Porter",Steven Spielberg
25,Interstellar,2014,8.6,"Adventure,Drama,Sci-Fi",2h 49m,"Matthew McConaughey,Anne Hathaway,Jessica Chastain,Mackenzie Foy,Ellen Burstyn,John Lithgow,Timoth��e Chalamet,David Oyelowo,Collette Wolfe,Francis X. McCarthy,Bill Irwin,Andrew Borba,Wes Bentley,William Devane,Michael Caine,David Gyasi,Josh Stewart,Casey Affleck",Christopher Nolan
26,Life Is Beautiful,1997,8.6,"Comedy,Drama,Romance",1h 56m,"Roberto Benigni,Nicoletta Braschi,Giorgio Cantarini,Giustino Durano,Sergio Bini Bustric,Marisa Paredes,Horst Buchholz,Lidia Alfonsi,Giuliana Lojodice,Amerigo Fontani,Pietro De Silva,Francesco Guzzo,Raffaella Lebboroni,Claudio Alfonsi,Gil Baroni,Massimo Bianchi,J��rgen Bohn,Verena Buratti",Roberto Benigni
27,The Green Mile,1999,8.6,"Crime,Drama,Fantasy",3h 9m,"Tom Hanks,Michael Clarke Duncan,David Morse,Bonnie Hunt,James Cromwell,Michael Jeter,Graham Greene,Doug Hutchison,Sam Rockwell,Barry Pepper,Jeffrey DeMunn,Patricia Clarkson,Harry Dean Stanton,Dabbs Greer,Eve Brent,William Sadler,Mack Miles,Rai Tasco",Frank Darabont
28,Star Wars: Episode IV - A New Hope,1977,8.6,"Action,Adventure,Fantasy",2h 1m,"Mark Hamill,Harrison Ford,Carrie Fisher,Alec Guinness,Peter Cushing,Anthony Daniels,Kenny Baker,Peter Mayhew,David Prowse,Phil Brown,Shelagh Fraser,Jack Purvis,Alex McCrindle,Eddie Byrne,Drewe Henley,Denis Lawson,Garrick Hagon,Jack Klaff",George Lucas
29,Terminator 2: Judgment Day,1991,8.6,"Action,Sci-Fi",2h 17m,"Arnold Schwarzenegger,Linda Hamilton,Edward Furlong,Robert Patrick,Earl Boen,Joe Morton,S. Epatha Merkerson,Castulo Guerra,Danny Cooksey,Jenette Goldstein,Xander Berkeley,Leslie Hamilton Gearren,Ken Gibbel,Robert Winley,Peter Schrum,Shane Wilder,Michael Edwards,Jared Lounsbery",James Cameron
30,Back to the Future,1985,8.5,"Adventure,Comedy,Sci-Fi",1h 56m,"Michael J. Fox,Christopher Lloyd,Lea Thompson,Crispin Glover,Tom Wilson,Claudia Wells,Marc McClure,Wendie Jo Sperber,George DiCenzo,Frances Lee McCain,James Tolkan,J.J. Cohen,Casey Siemaszko,Billy Zane,Harry Waters Jr.,Donald Fullilove,Lisa Freeman,Cristen Kauffman",Robert Zemeckis
31,Spirited Away,2001,8.6,"Animation,Adventure,Family",2h 5m,"Daveigh Chase,Suzanne Pleshette,Miyu Irino,Rumi Hiiragi,Mari Natsuki,Takashi Nait?,Yasuko Sawaguchi,Tatsuya Gash?in,Ry?nosuke Kamiki,Yumi Tamai,Y? ?izumi,Koba Hayashi,Tsunehiko Kamij?,Takehiko Ono,Bunta Sugawara,Shigeru Wakita,Shir? Sait?,Michiko Yamamoto",Hayao Miyazaki
32,The Pianist,2002,8.5,"Biography,Drama,Music",2h 30m,"Adrien Brody,Thomas Kretschmann,Frank Finlay,Emilia Fox,Michal Zebrowski,Ed Stoppard,Maureen Lipman,Jessica Kate Meyer,Julia Rayner,Wanja Mues,Richard Ridings,Nomi Sharron,Anthony Milner,Lucy Skeaping,Roddy Skeaping,Ben Harlan,Thomas Lawinky,Joachim Paul Assb?ck",Roman Polanski
33,Psycho,1960,8.5,"Horror,Mystery,Thriller",1h 49m,"Anthony Perkins,Janet Leigh,Vera Miles,John Gavin,Martin Balsam,John McIntire,Simon Oakland,Frank Albertson,Patricia Hitchcock,Vaughn Taylor,Lurene Tuttle,John Anderson,Mort Mills,Fletcher Allen,Walter Bacon,Prudence Beers,Kit Carson,Francis De Sales",Alfred Hitchcock
34,Parasite,2019,8.5,"Drama,Thriller",2h 12m,"Song Kang-ho,Lee Sun-kyun,Cho Yeo-jeong,Choi Woo-sik,Park So-dam,Lee Jeong-eun,Jang Hye-jin,Park Myeong-hoon,Jung Ji-so,Jung Hyun-jun,Park Keun-rok,Jung Yi-seo,Jo Jae-myeong,Jung Ik-han,Kim Kyu-baek,Hwang In-kyung,Ahn Seong-bong,Kim Jin-hyung",Bong Joon Ho
35,L��on: The Professional,1994,8.5,"Action,Crime,Drama",1h 50m,"Jean Reno,Gary Oldman,Natalie Portman,Danny Aiello,Peter Appel,Willi One Blood,Don Creech,Keith A. Glascoe,Randolph Scott,Michael Badalucco,Ellen Greene,Elizabeth Regen,Carl J. Matusovich,Frank Senger,Lucius Wyatt Cherokee,Eric Challier,Luc Bernard,Ma?wenn",Luc Besson
36,The Lion King,1994,8.5,"Animation,Adventure,Drama",1h 28m,"Matthew Broderick,Jeremy Irons,James Earl Jones,Whoopi Goldberg,Rowan Atkinson,Niketa Calame-Harris,Jim Cummings,Robert Guillaume,Moira Kelly,Nathan Lane,Zoe Leader,Cheech Marin,Ernie Sabella,Madge Sinclair,Jonathan Taylor Thomas,Frank Welker,Cathy Cavadini,Judi M. Durand","Roger Allers,Rob Minkoff"
37,Gladiator,2000,8.5,"Action,Adventure,Drama",2h 35m,"Russell Crowe,Joaquin Phoenix,Connie Nielsen,Oliver Reed,Richard Harris,Derek Jacobi,Djimon Hounsou,David Schofield,John Shrapnel,Tomas Arana,Ralf Moeller,Spencer Treat Clark,David Hemmings,Tommy Flanagan,Sven-Ole Thorsen,Omid Djalili,Nicholas McGaughey,Chris Kell",Ridley Scott
38,American History X,1998,8.5,"Crime,Drama",1h 59m,"Edward Norton,Edward Furlong,Beverly D'Angelo,Jennifer Lien,Ethan Suplee,Fairuza Balk,Avery Brooks,Elliott Gould,Stacy Keach,William Russ,Guy Torry,Joe Cortese,Jason Bose Smith,Antonio David Lyons,Alex Sol,Keram Malicki-S��nchez,Giuseppe Andrews,Michelle Christine White",Tony Kaye
39,The Departed,2006,8.5,"Crime,Drama,Thriller",2h 31m,"Leonardo DiCaprio,Matt Damon,Jack Nicholson,Mark Wahlberg,Martin Sheen,Ray Winstone,Vera Farmiga,Anthony Anderson,Alec Baldwin,Kevin Corrigan,James Badge Dale,David O'Hara,Mark Rolston,Robert Wahlberg,Kristen Dalton,Thomas B. Duffy,Richard Hughes,J.C. MacKenzie",Martin Scorsese
40,The Usual Suspects,1995,8.5,"Crime,Drama,Mystery",1h 46m,"Kevin Spacey,Gabriel Byrne,Chazz Palminteri,Stephen Baldwin,Benicio Del Toro,Kevin Pollak,Pete Postlethwaite,Suzy Amis,Giancarlo Esposito,Dan Hedaya,Paul Bartel,Carl Bressler,Phillipe Simon,Jack Shearer,Christine Estabrook,Clark Gregg,Morgan Hunter,Ken Daly",Bryan Singer
41,The Prestige,2006,8.5,"Drama,Mystery,Sci-Fi",2h 10m,"Christian Bale,Hugh Jackman,Scarlett Johansson,Michael Caine,Piper Perabo,Rebecca Hall,Samantha Mahurin,David Bowie,Andy Serkis,Daniel Davis,Jim Piddock,Christopher Neame,Mark Ryan,Roger Rees,Jamie Harris,Monty Stuart,Ron Perkins,Ricky Jay",Christopher Nolan
42,Whiplash,2014,8.5,"Drama,Music",1h 46m,"Miles Teller,J.K. Simmons,Melissa Benoist,Paul Reiser,Austin Stowell,Nate Lang,Chris Mulkey,Damon Gupton,Suanne Spoke,Max Kasch,Charlie Ian,Jayson Blair,Kofi Siriboe,Kavita Patil,C.J. Vana,Tarik Lowe,Tyler Kimball,Rogelio Douglas Jr.",Damien Chazelle
43,Casablanca,1942,8.5,"Drama,Romance,War",1h 42m,"Humphrey Bogart,Ingrid Bergman,Paul Henreid,Claude Rains,Conrad Veidt,Sydney Greenstreet,Peter Lorre,S.Z. Sakall,Madeleine Lebeau,Dooley Wilson,Joy Page,John Qualen,Leonid Kinskey,Curt Bois,Abdullah Abbas,Enrique Acosta,Ed Agresti,Arnet Amos",Michael Curtiz
44,Grave of the Fireflies,1988,8.5,"Animation,Drama,War",1h 29m,"Tsutomu Tatsumi,Ayano Shiraishi,Akemi Yamaguchi,Yoshiko Shinohara,K?z? Hashida,Masayo Sakai,Kazumi Nozaki,Yoshio Matsuoka,Masahiro Kanetake,Kiyoshi Yanagawa,Hajime Maki,Atsuo Omote,Teruhisa Harita,Hiroshi Tanaka,Michio Denp?,Shir? Tamaki,Tadashi Nakamura,Mika Sekita",Isao Takahata
45,Harakiri,1962,8.6,"Action,Drama,Mystery",2h 13m,"Tatsuya Nakadai,Akira Ishihama,Shima Iwashita,Tetsur? Tanba,Masao Mishima,Ichir? Nakatani,Kei Sat?,Yoshio Inaba,Hisashi Igawa,T?ru Takeuchi,Yoshir? Aoki,Tatsuo Matsumura,Akiji Kobayashi,K?ichi Hayashi,Ry?tar? Gomi,J? Azumi,Nakajir? Tomita,Shichisabur? Amatsu",Masaki Kobayashi
46,The Intouchables,2011,8.5,"Biography,Comedy,Drama",1h 52m,"Fran?ois Cluzet,Omar Sy,Anne Le Ny,Audrey Fleurot,Jos��phine de Meaux,Clotilde Mollet,Alba Ga?a Bellugi,Cyril Mendy,Salimata Kamate,Absa Diatou Toure,Gr��goire Oestermann,Dominique Daguier,Fran?ois Caron,Christian Ameri,Thomas Soliv��r��s,Doroth��e Bri��re,Marie-Laure Descoureaux,��milie Caen","Olivier Nakache,��ric Toledano"
47,Modern Times,1936,8.5,"Comedy,Drama,Romance",1h 27m,"Charles Chaplin,Paulette Goddard,Henry Bergman,Tiny Sandford,Chester Conklin,Hank Mann,Stanley Blystone,Al Ernest Garcia,Richard Alexander,Cecil Reynolds,Mira McKinney,Murdock MacQuarrie,Wilfred Lucas,Edward LeSaint,Fred Malatesta,Sammy Stein,Juana Sutton,Ted Oliver",Charles Chaplin
48,Once Upon a Time in the West,1968,8.5,Western,2h 45m,"Henry Fonda,Charles Bronson,Claudia Cardinale,Jason Robards,Gabriele Ferzetti,Paolo Stoppa,Woody Strode,Jack Elam,Keenan Wynn,Frank Wolff,Lionel Stander,Livio Andronico,Salvatore Basile,Aldo Berti,Joseph Bradley,Frank Bra?a,Maril�� Carteny,Saturno Cerra",Sergio Leone
49,Rear Window,1954,8.5,"Mystery,Thriller",1h 52m,"James Stewart,Grace Kelly,Wendell Corey,Thelma Ritter,Raymond Burr,Judith Evelyn,Ross Bagdasarian,Georgine Darcy,Sara Berner,Frank Cady,Jesslyn Fax,Rand Harper,Irene Winston,Havis Davenport,Jerry Antes,Barbara Bailey,Benny Bartlett,Nick Borgani",Alfred Hitchcock
50,Cinema Paradiso,1988,8.5,"Drama,Romance",2h 35m,"Philippe Noiret,Enzo Cannavale,Antonella Attili,Isa Danieli,Leo Gullotta,Marco Leonardi,Pupella Maggio,Agnese Nano,Leopoldo Trieste,Salvatore Cascio,Tano Cimarosa,Nicola Di Pinto,Roberta Lena,Nino Terzo,Jacques Perrin,Nellina Lagan��,Turi Giuffrida,Mariella Lo Giudice",Giuseppe Tornatore
51,Alien,1979,8.5,"Horror,Sci-Fi",1h 57m,"Sigourney Weaver,Tom Skerritt,John Hurt,Veronica Cartwright,Harry Dean Stanton,Ian Holm,Yaphet Kotto,Bolaji Badejo,Helen Horton,Eddie Powell",Ridley Scott
52,City Lights,1931,8.5,"Comedy,Drama,Romance",1h 27m,"Charles Chaplin,Virginia Cherrill,Florence Lee,Harry Myers,Al Ernest Garcia,Hank Mann,Johnny Aber,Jack Alexander,T.S. Alexander,Victor Alexander,Albert Austin,Harry Ayers,Eddie Baker,Henry Bergman,Edward Biby,Betty Blair,Buster Brodie,Jeanne Carpenter",Charles Chaplin
53,Apocalypse Now,1979,8.5,"Drama,Mystery,War",2h 27m,"Martin Sheen,Marlon Brando,Robert Duvall,Frederic Forrest,Sam Bottoms,Laurence Fishburne,Albert Hall,Harrison Ford,Dennis Hopper,G.D. Spradlin,Jerry Ziesmer,Scott Glenn,Bo Byers,James Keane,Kerry Rossall,Ron McQueen,Tom Mason,Cynthia Wood",Francis Ford Coppola
54,Memento,2000,8.4,"Mystery,Thriller",1h 53m,"Guy Pearce,Carrie-Anne Moss,Joe Pantoliano,Mark Boone Junior,Russ Fega,Jorja Fox,Stephen Tobolowsky,Harriet Sansom Harris,Thomas Lennon,Callum Keith Rennie,Kimberly Campbell,Marianne Muellerleile,Larry Holden,Stephanie Searson,Buzz Visconti",Christopher Nolan
55,Django Unchained,2012,8.4,"Drama,Western",2h 45m,"Jamie Foxx,Christoph Waltz,Leonardo DiCaprio,Kerry Washington,Samuel L. Jackson,Walton Goggins,Dennis Christopher,James Remar,David Steen,Dana Gourrier,Nichole Galicia,Laura Cayouette,Ato Essandoh,Sammi Rotibi,Clay Donahue Fontenot,Escalante Lundy,Miriam F. Glover,Don Johnson",Quentin Tarantino
56,Indiana Jones and the Raiders of the Lost Ark,1981,8.4,"Action,Adventure",1h 55m,"Harrison Ford,Karen Allen,Paul Freeman,John Rhys-Davies,Ronald Lacey,Denholm Elliott,Alfred Molina,Wolf Kahler,Anthony Higgins,Vic Tablian,Don Fellows,William Hootkins,Bill Reimbold,Fred Sorenson,Patrick Durkin,Matthew Scurfield,Malcolm Weaver,Sonny Caldinez",Steven Spielberg
57,WALL��E,2008,8.4,"Animation,Adventure,Family",1h 38m,"Ben Burtt,Elissa Knight,Jeff Garlin,Fred Willard,MacInTalk,John Ratzenberger,Kathy Najimy,Sigourney Weaver,Karleen Griffin,Kim Kopf,Niki McElroy,Garrett Palmer,Jessica Skelton,Kai Steel Smith,Michael Toy",Andrew Stanton
58,The Lives of Others,2006,8.4,"Drama,Mystery,Thriller",2h 17m,"Ulrich M��he,Martina Gedeck,Sebastian Koch,Ulrich Tukur,Thomas Thieme,Hans-Uwe Bauer,Volkmar Kleinert,Matthias Brenner,Charly H��bner,Herbert Knaup,Bastian Trost,Marie Gruber,Volker Michalowski,Werner Daehn,Martin Brambach,Hubertus Hartmann,Thomas Arnold,Hinnerk Sch?nemann",Florian Henckel von Donnersmarck
59,Sunset Blvd.,1950,8.4,"Drama,Film-Noir",1h 50m,"William Holden,Gloria Swanson,Erich von Stroheim,Nancy Olson,Fred Clark,Lloyd Gough,Jack Webb,Franklyn Farnum,Larry J. Blake,Charles Dayton,Cecil B. DeMille,Hedda Hopper,Buster Keaton,Anna Q. Nilsson,H.B. Warner,Ray Evans,Jay Livingston,Fred Aldrich",Billy Wilder
60,Paths of Glory,1957,8.4,"Drama,War",1h 28m,"Kirk Douglas,Ralph Meeker,Adolphe Menjou,George Macready,Wayne Morris,Richard Anderson,Joe Turkel,Christiane Kubrick,Jerry Hausner,Peter Capell,Emile Meyer,Bert Freed,Kem Dibbs,Timothy Carey,Fred Bell,John Stein,Harold Benedict,Leon Briggs",Stanley Kubrick
61,The Shining,1980,8.4,"Drama,Horror",2h 26m,"Jack Nicholson,Shelley Duvall,Danny Lloyd,Scatman Crothers,Barry Nelson,Philip Stone,Joe Turkel,Anne Jackson,Tony Burton,Lia Beldam,Billie Gibson,Barry Dennen,David Baxt,Manning Redwood,Lisa Burns,Louise Burns,Robin Pappas,Alison Coleridge",Stanley Kubrick
62,The Great Dictator,1940,8.4,"Comedy,Drama,War",2h 5m,"Charles Chaplin,Paulette Goddard,Jack Oakie,Reginald Gardiner,Henry Daniell,Billy Gilbert,Grace Hayle,Carter DeHaven,Maurice Moscovitch,Emma Dunn,Bernard Gorcey,Paul Weigel,Chester Conklin,Esther Michelson,Hank Mann,Florence Wright,Eddie Gribbon,Rudolph Anders",Charles Chaplin
63,Avengers: Infinity War,2018,8.4,"Action,Adventure,Sci-Fi",2h 29m,"Robert Downey Jr.,Chris Hemsworth,Mark Ruffalo,Chris Evans,Scarlett Johansson,Don Cheadle,Benedict Cumberbatch,Tom Holland,Chadwick Boseman,Zoe Saldana,Karen Gillan,Tom Hiddleston,Paul Bettany,Elizabeth Olsen,Anthony Mackie,Sebastian Stan,Idris Elba,Danai Gurira","Anthony Russo,Joe Russo"
64,Witness for the Prosecution,1957,8.4,"Crime,Drama,Mystery",1h 56m,"Tyrone Power,Marlene Dietrich,Charles Laughton,Elsa Lanchester,John Williams,Henry Daniell,Ian Wolfe,Torin Thatcher,Norma Varden,Una O'Connor,Francis Compton,Philip Tonge,Ruta Lee,Patrick Aherne,Don Ames,Walter Bacon,Eddie Baker,Benjie Bancroft",Billy Wilder
65,Aliens,1986,8.4,"Action,Adventure,Sci-Fi",2h 17m,"Sigourney Weaver,Michael Biehn,Carrie Henn,Paul Reiser,Lance Henriksen,Bill Paxton,William Hope,Jenette Goldstein,Al Matthews,Mark Rolston,Ricco Ross,Colette Hiller,Daniel Kash,Cynthia Dale Scott,Tip Tipping,Trevor Steedman,Paul Maxwell,Valerie Colgan",James Cameron
66,Spider-Man: Into the Spider-Verse,2018,8.4,"Animation,Action,Adventure",1h 57m,"Shameik Moore,Jake Johnson,Hailee Steinfeld,Mahershala Ali,Brian Tyree Henry,Lily Tomlin,Luna Lauren Velez,Zo? Kravitz,John Mulaney,Kimiko Glenn,Nicolas Cage,Kathryn Hahn,Liev Schreiber,Chris Pine,Natalie Morales,Edwin R. Habacon,Oscar Isaac,Greta Lee","Bob Persichetti,Peter Ramsey,Rodney Rothman"
67,American Beauty,1999,8.4,Drama,2h 2m,"Kevin Spacey,Annette Bening,Thora Birch,Wes Bentley,Mena Suvari,Peter Gallagher,Allison Janney,Chris Cooper,Scott Bakula,Sam Robards,Barry Del Sherman,Ara Celi,John Cho,Fort Atkinson,Sue Casey,Kent Faulcon,Brenda Wehle,Lisa Cloud",Sam Mendes
68,Dr. Strangelove or: How I Learned to Stop Worrying and Love the Bomb,1964,8.4,"Comedy,War",1h 35m,"Peter Sellers,George C. Scott,Sterling Hayden,Keenan Wynn,Slim Pickens,Peter Bull,James Earl Jones,Tracy Reed,Jack Creley,Frank Berry,Robert O'Neil,Glenn Beck,Roy Stephens,Shane Rimmer,Hal Galili,Paul Tamarin,Laurence Herder,Gordon Tanner",Stanley Kubrick
69,The Dark Knight Rises,2012,8.4,"Action,Drama",2h 44m,"Christian Bale,Tom Hardy,Anne Hathaway,Gary Oldman,Joseph Gordon-Levitt,Marion Cotillard,Morgan Freeman,Michael Caine,Matthew Modine,Alon Aboutboul,Ben Mendelsohn,Burn Gorman,Daniel Sunjata,Aidan Gillen,Sam Kennard,Aliash Tepina,Nestor Carbonell,Brett Cullen",Christopher Nolan
70,Oldboy,2003,8.4,"Action,Drama,Mystery",2h,"Choi Min-sik,Yoo Ji-tae,Kang Hye-jeong,Kim Byeong-Ok,Dae-han Ji,Dal-su Oh,Seung-shin Lee,Jin-Seo Yoon,Tae-kyung Oh,Yoo Yeon-Seok,Il-han Oo,Young-hee Lee,Young-ae Kim,Mi Mi Lee,Jae-Duk Han,Jung Ae Kwak,San Kim,Chae-soo Jang",Park Chan-wook
71,Inglourious Basterds,2009,8.3,"Adventure,Drama,War",2h 33m,"Brad Pitt,Diane Kruger,Eli Roth,M��lanie Laurent,Christoph Waltz,Michael Fassbender,Daniel Br��hl,Til Schweiger,Gedeon Burkhard,Jacky Ido,B.J. Novak,Omar Doom,August Diehl,Denis M��nochet,Sylvester Groth,Martin Wuttke,Mike Myers,Julie Dreyfus",Quentin Tarantino
72,Amadeus,1984,8.4,"Biography,Drama,Music",2h 40m,"F. Murray Abraham,Tom Hulce,Elizabeth Berridge,Roy Dotrice,Simon Callow,Christine Ebersole,Jeffrey Jones,Charles Kay,Kenneth McMillan,Kenny Baker,Lisbeth Bartlett,Barbara Bryne,Martin Cavina,Roderick Cook,Milan Demjanenko,Peter DiGesu,Richard Frank,Patrick Hines",Milos Forman
73,Coco,2017,8.4,"Animation,Adventure,Comedy",1h 45m,"Anthony Gonzalez,Gael Garc��a Bernal,Benjamin Bratt,Alanna Ubach,Renee Victor,Jaime Camil,Alfonso Arau,Herbert Siguenza,Gabriel Iglesias,Lombardo Boyar,Ana Ofelia Murgu��a,Natalia Cordova-Buckley,Selene Luna,Edward James Olmos,Sof��a Espinosa,Carla Medina,Dyana Ortelli,Luis Valdez","Lee Unkrich,Adrian Molina(co-directed by)"
74,Toy Story,1995,8.3,"Animation,Adventure,Comedy",1h 21m,"Tom Hanks,Tim Allen,Don Rickles,Jim Varney,Wallace Shawn,John Ratzenberger,Annie Potts,John Morris,Erik von Detten,Laurie Metcalf,R. Lee Ermey,Sarah Rayne,Penn Jillette,Jack Angel,Spencer Aste,Greg Berg,Lisa Bradley,Kendall Cunningham",John Lasseter
75,Joker,2019,8.4,"Crime,Drama,Thriller",2h 2m,"Joaquin Phoenix,Robert De Niro,Zazie Beetz,Frances Conroy,Brett Cullen,Shea Whigham,Bill Camp,Glenn Fleshler,Leigh Gill,Josh Pais,Rocco Luna,Marc Maron,Sondra James,Murphy Guyer,Douglas Hodge,Dante Pereira-Olson,Carrie Louise Putrello,Sharon Washington",Todd Phillips
76,Braveheart,1995,8.4,"Biography,Drama,History",2h 58m,"Mel Gibson,Sophie Marceau,Patrick McGoohan,Angus Macfadyen,James Robinson,Sean Lawlor,Sandy Nelson,James Cosmo,Sean McGinley,Alan Tall,Andrew Weir,Gerda Stevenson,Ralph Riach,Mhairi Calvey,Brian Cox,Peter Hanly,Stephen Billington,Barry McGovern",Mel Gibson
77,The Boat,1981,8.4,"Drama,War",Not Available,"J��rgen Prochnow,Herbert Gr?nemeyer,Klaus Wennemann,Hubertus Bengsch,Martin Semmelrogge,Bernd Tauber,Erwin Leder,Martin May,Heinz Hoenig,Uwe Ochsenknecht,Claude-Oliver Rudolph,Jan Fedder,Ralf Richter,Joachim Bernhard,Oliver Stritzel,Konrad Becker,Lutz Schnell,Martin Hemme",Wolfgang Petersen
78,Avengers: Endgame,2019,8.4,"Action,Adventure,Drama",3h 1m,"Robert Downey Jr.,Chris Evans,Mark Ruffalo,Chris Hemsworth,Scarlett Johansson,Jeremy Renner,Don Cheadle,Paul Rudd,Benedict Cumberbatch,Chadwick Boseman,Brie Larson,Tom Holland,Karen Gillan,Zoe Saldana,Evangeline Lilly,Tessa Thompson,Rene Russo,Elizabeth Olsen","Anthony Russo,Joe Russo"
79,Princess Mononoke,1997,8.4,"Animation,Action,Adventure",2h 14m,"Y?ji Matsuda,Yuriko Ishida,Y?ko Tanaka,Billy Crudup,Billy Bob Thornton,Minnie Driver,John DiMaggio,Claire Danes,John DeMita,Jada Pinkett Smith,Gillian Anderson,Keith David,Corey Burton,Tara Strong,Julia Fletcher,Debi Derryberry,Alex Fernandez,Jack Fletcher",Hayao Miyazaki
80,Once Upon a Time in America,1984,8.3,"Crime,Drama",3h 49m,"Robert De Niro,James Woods,Elizabeth McGovern,Treat Williams,Tuesday Weld,Burt Young,Joe Pesci,Danny Aiello,William Forsythe,James Hayden,Darlanne Fluegel,Larry Rapp,Dutch Miller,Robert Harper,Richard Bright,Gerard Murphy,Amy Ryder,Olga Karlatos",Sergio Leone
81,Good Will Hunting,1997,8.3,"Drama,Romance",2h 6m,"Robin Williams,Matt Damon,Ben Affleck,Stellan Skarsg?rd,John Mighton,Rachel Majorowski,Colleen McCauley,Casey Affleck,Cole Hauser,Matt Mercier,Ralph St. George,Rob Lynds,Dan Washington,Alison Folland,Derrick Bridgeman,Vik Sahay,Shannon Egleson,Rob Lyons",Gus Van Sant
82,Your Name.,2016,8.4,"Animation,Drama,Fantasy",1h 46m,"Ry?nosuke Kamiki,Mone Kamishiraishi,Ry? Narita,Aoi Y?ki,Nobunaga Shimazaki,Kaito Ishikawa,Kanon Tani,Masaki Terasoma,Sayaka ?hara,Kazuhiko Inoue,Chaf?rin,Kana Hanazawa,Yuka Terasaki,Takashi Onozuka,Y?hei Namekawa,Miyu Tsuji,Shin'ya Hamazoe,Kanami Sat?",Makoto Shinkai
83,3 Idiots,2009,8.4,"Comedy,Drama",2h 50m,"Aamir Khan,Madhavan,Mona Singh,Sharman Joshi,Kareena Kapoor,Boman Irani,Omi Vaidya,Olivier Lafont,Rahul Kumar,Parikshit Sahni,Farida Dadi,Amardeep Jha,Mukund Bhatt,Chaitali Bose,Jaaved Jaaferi,Jayant Kripalani,Arun Bali,Shoaib Ahmed",Rajkumar Hirani
84,Singin' in the Rain,1952,8.3,"Comedy,Musical,Romance",1h 43m,"Gene Kelly,Donald O'Connor,Debbie Reynolds,Jean Hagen,Millard Mitchell,Cyd Charisse,Douglas Fowley,Rita Moreno,Dawn Addams,John Albright,Betty Allen,Sue Allen,John Angelo,Marie Ardell,Bette Arlen,David Bair,Lynn Bari,Jimmy Bates","Stanley Donen,Gene Kelly"
85,Requiem for a Dream,2000,8.3,Drama,1h 42m,"Ellen Burstyn,Jared Leto,Jennifer Connelly,Marlon Wayans,Christopher McDonald,Louise Lasser,Marcia Jean Kurtz,Janet Sarno,Suzanne Shepherd,Joanne Gordon,Charlotte Aronofsky,Mark Margolis,Michael Kaycheck,Jack O'Connell,Chas Mastin,Ajay Naidu,Sean Gullette,Samia Shoaib",Darren Aronofsky
86,Toy Story 3,2010,8.3,"Animation,Adventure,Comedy",1h 43m,"Tom Hanks,Tim Allen,Joan Cusack,Ned Beatty,Don Rickles,Michael Keaton,Wallace Shawn,John Ratzenberger,Estelle Harris,John Morris,Jodi Benson,Emily Ricks Hahn,Laurie Metcalf,Blake Clark,Teddy Newton,Bud Luckey,Bea Miller,Javier Fern��ndez-Pe?a",Lee Unkrich
87,High and Low,1963,8.4,"Crime,Drama,Mystery",2h 23m,"Toshir? Mifune,Yutaka Sada,Tatsuya Nakadai,Ky?ko Kagawa,Tatsuya Mihashi,Isao Kimura,Kenjir? Ishiyama,Takeshi Kat?,Takashi Shimura,Jun Tazaki,Nobuo Nakamura,Y?nosuke It?,Tsutomu Yamazaki,Minoru Chiaki,Eijir? T?no,Masao Shimizu,Masahiko Shimazu,Toshio Egi",Akira Kurosawa
88,Capernaum,2018,8.4,Drama,2h 6m,"Zain Al Rafeea,Yordanos Shiferaw,Boluwatife Treasure Bankole,Kawsar Al Haddad,Fadi Yousef,Cedra Izzam,Alaa Chouchnieh,Elias Khoury,Mohammad Al Abdallah,Mohamad Abdellatif,Abdo Abdo,Hampig Abraham,Jamil Ahmad,Mohamad Akkar,Elias Akobegia,Riman Al Rafeea,Legamett Alamou,Majd Nabil Alhalabi",Nadine Labaki
89,Star Wars: Episode VI - Return of the Jedi,1983,8.3,"Action,Adventure,Fantasy",2h 11m,"Mark Hamill,Harrison Ford,Carrie Fisher,Billy Dee Williams,Anthony Daniels,Peter Mayhew,Sebastian Shaw,Ian McDiarmid,Frank Oz,James Earl Jones,David Prowse,Alec Guinness,Kenny Baker,Michael Pennington,Kenneth Colley,Michael Carter,Denis Lawson,Tim Rose",Richard Marquand
90,Eternal Sunshine of the Spotless Mind,2004,8.3,"Drama,Romance,Sci-Fi",1h 48m,"Jim Carrey,Kate Winslet,Tom Wilkinson,Gerry Robert Byrne,Elijah Wood,Thomas Jay Ryan,Mark Ruffalo,Jane Adams,David Cross,Kirsten Dunst,Ryan Whitney,Debbon Ayer,Amir Ali Said,Brian Price,Paulie Litt,Josh Flitter,Lola Daehler,Deirdre O'Connell",Michel Gondry
91,2001: A Space Odyssey,1968,8.3,"Adventure,Sci-Fi",2h 29m,"Keir Dullea,Gary Lockwood,William Sylvester,Daniel Richter,Leonard Rossiter,Margaret Tyzack,Robert Beatty,Sean Sullivan,Douglas Rain,Frank Miller,Bill Weston,Ed Bishop,Glenn Beck,Alan Gifford,Ann Gillis,Edwina Carroll,Penny Brahms,Heather Downham",Stanley Kubrick
92,Reservoir Dogs,1992,8.3,"Crime,Thriller",1h 39m,"Harvey Keitel,Tim Roth,Michael Madsen,Chris Penn,Steve Buscemi,Lawrence Tierney,Randy Brooks,Kirk Baltz,Edward Bunker,Quentin Tarantino,Rich Turner,David Steen,Tony Cosmo,Stevo Polyi,Michael Sottile,Robert Ruth,Lawrence Bender,Linda Kaye",Quentin Tarantino
93,Come and See,1985,8.4,"Drama,Thriller,War",2h 22m,"Aleksey Kravchenko,Olga Mironova,Liubomiras Laucevicius,Vladas Bagdonas,J��ri Lumiste,Viktors Lorencs,Kazimir Rabetsky,Evgeniy Tilicheev,G. Velts,V. Vasilyev,Aleksandr Berda,Vasiliy Domrachyov,Nina Evdokimova,Igor Gnevashev,Adolf Hitler,Valery Kravchenko,Evgeniy Kryzhanovskiy,N. Lisichenok",Elem Klimov
94,The Hunt,2012,8.3,Drama,1h 55m,"Mads Mikkelsen,Thomas Bo Larsen,Annika Wedderkopp,Lasse Fogelstr?m,Susse Wold,Anne Louise Hassing,Lars Ranthe,Alexandra Rapaport,Sebastian Bull,Steen Ordell Guldbrand Jensen,Daniel Engstrup,Troels Thorsen,S?ren R?nholt,Hana Shuan,Jytte Kvinesdal,Josefine Gr?b?l,Bjarne Henriksen,Nicolai Dahl Hamilton",Thomas Vinterberg
95,Citizen Kane,1941,8.3,"Drama,Mystery",1h 59m,"Orson Welles,Joseph Cotten,Dorothy Comingore,Agnes Moorehead,Ruth Warrick,Ray Collins,Erskine Sanford,Everett Sloane,William Alland,Paul Stewart,George Coulouris,Fortunio Bonanova,Gus Schilling,Philip Van Zandt,Georgia Backus,Harry Shannon,Sonny Bupp,Buddy Swan",Orson Welles
96,M,1931,8.3,"Crime,Mystery,Thriller",1h 39m,"Peter Lorre,Ellen Widmann,Inge Landgut,Otto Wernicke,Theodor Loos,Gustaf Gr��ndgens,Friedrich Gna?,Fritz Odemar,Paul Kemp,Theo Lingen,Rudolf Bl��mner,Georg John,Franz Stein,Ernst Stahl-Nachbaur,Gerhard Bienert,Karl Platen,Rosa Valetti,Hertha von Walther",Fritz Lang
97,Lawrence of Arabia,1962,8.3,"Adventure,Biography,Drama",3h 38m,"Peter O'Toole,Alec Guinness,Anthony Quinn,Jack Hawkins,Omar Sharif,Jos�� Ferrer,Anthony Quayle,Claude Rains,Arthur Kennedy,Donald Wolfit,I.S. Johar,Gamil Ratib,Michel Ray,John Dimech,Zia Mohyeddin,Howard Marion-Crawford,Jack Gwillim,Hugh Miller",David Lean
98,North by Northwest,1959,8.3,"Action,Adventure,Mystery",2h 16m,"Cary Grant,Eva Marie Saint,James Mason,Jessie Royce Landis,Leo G. Carroll,Josephine Hutchinson,Philip Ober,Martin Landau,Adam Williams,Edward Platt,Robert Ellenstein,Les Tremayne,Philip Coolidge,Patrick McVey,Edward Binns,Ken Lynch,Stanley Adams,John Alban",Alfred Hitchcock
99,Vertigo,1958,8.3,"Mystery,Romance,Thriller",2h 8m,"James Stewart,Kim Novak,Barbara Bel Geddes,Tom Helmore,Henry Jones,Raymond Bailey,Ellen Corby,Konstantin Shayne,Lee Patrick,David Ahdar,Isabel Analla,Jack Ano,Margaret Bacon,John Benson,Danny Borzage,Margaret Brayton,Paul Bryar,Boyd Cabeen",Alfred Hitchcock
100,Ikiru,1952,8.3,Drama,2h 23m,"Takashi Shimura,Nobuo Kaneko,Shin'ichi Himori,Haruo Tanaka,Minoru Chiaki,Miki Odagiri,Bokuzen Hidari,Minosuke Yamada,Kamatari Fujiwara,Makoto Kobori,Nobuo Nakamura,Atsushi Watanabe,Isao Kimura,Masao Shimizu,Y?nosuke It?,Kumeko Urabe,Eiko Miyoshi,Noriko Honma",Akira Kurosawa
101,Am��lie,2001,8.3,"Comedy,Romance",2h 2m,"Audrey Tautou,Mathieu Kassovitz,Rufus,Lorella Cravotta,Serge Merlin,Jamel Debbouze,Clotilde Mollet,Claire Maurier,Isabelle Nanty,Dominique Pinon,Artus de Penguern,Yolande Moreau,Urbain Cancelier,Maurice B��nichou,Michel Robin,Andr��e Damant,Claude Perron,Armelle",Jean-Pierre Jeunet
102,The Apartment,1960,8.3,"Comedy,Drama,Romance",2h 5m,"Jack Lemmon,Shirley MacLaine,Fred MacMurray,Ray Walston,Jack Kruschen,David Lewis,Hope Holiday,Joan Shawlee,Naomi Stevens,Johnny Seven,Joyce Jameson,Willard Waterman,David White,Edie Adams,Dorothy Abbott,Bill Baldwin,Paul Bradley,Benny Burt",Billy Wilder
103,A Clockwork Orange,1971,8.3,"Crime,Sci-Fi",2h 16m,"Malcolm McDowell,Patrick Magee,Michael Bates,Warren Clarke,John Clive,Adrienne Corri,Carl Duering,Paul Farrell,Clive Francis,Michael Gover,Miriam Karlin,James Marcus,Aubrey Morris,Godfrey Quigley,Sheila Raynor,Madge Ryan,John Savident,Anthony Sharp",Stanley Kubrick
104,Double Indemnity,1944,8.3,"Crime,Drama,Film-Noir",1h 47m,"Fred MacMurray,Barbara Stanwyck,Edward G. Robinson,Byron Barr,Porter Hall,Jean Heather,Tom Powers,Richard Gaines,Fortunio Bonanova,John Philliber,Lev Abramov,James Adamson,John Berry,Raymond Chandler,Edmund Cobb,Kernan Cripps,Betty Farrington,Bess Flowers",Billy Wilder
105,Full Metal Jacket,1987,8.3,"Drama,War",1h 56m,"Matthew Modine,R. Lee Ermey,Vincent D'Onofrio,Adam Baldwin,Dorian Harewood,Kevyn Major Howard,Arliss Howard,Ed O'Ross,John Terry,Kieron Jecchinis,Kirk Taylor,Tim Colceri,Jon Stafford,Bruce Boa,Ian Tyler,Sal Lopez,Gary Landon Mills,Papillon Soo",Stanley Kubrick
106,Top Gun: Maverick,2022,8.3,"Action,Drama",2h 10m,"Tom Cruise,Jennifer Connelly,Miles Teller,Val Kilmer,Bashir Salahuddin,Jon Hamm,Charles Parnell,Monica Barbaro,Lewis Pullman,Jay Ellis,Danny Ramirez,Glen Powell,Jack Schumacher,Manny Jacinto,Kara Wang,Greg Tarzan Davis,Jake Picking,Raymond Lee",Joseph Kosinski
107,Scarface,1983,8.3,"Crime,Drama",2h 50m,"Al Pacino,Michelle Pfeiffer,Steven Bauer,Mary Elizabeth Mastrantonio,Robert Loggia,Miriam Colon,F. Murray Abraham,Paul Shenar,Harris Yulin,��ngel Salazar,Arnaldo Santana,Pepe Serna,Michael P. Moran,Al Israel,Dennis Holahan,Mark Margolis,Michael Alldredge,Ted Beniades",Brian De Palma
108,Hamilton,2020,8.4,"Biography,Drama,History",2h 40m,"Lin-Manuel Miranda,Phillipa Soo,Leslie Odom Jr.,Ren��e Elise Goldsberry,Daveed Diggs,Jonathan Groff,Chris Jackson,Jasmine Cephas Jones,Okieriete Onaodowan,Anthony Ramos,Carleigh Bettiol,Ariana DeBose,Hope Easterbrook,Sydney James Harcourt,Sasha Hutchings,Thayne Jasperson,Elizabeth Judd,Jon Rua",Thomas Kail
109,Incendies,2010,8.3,"Drama,Mystery",2h 11m,"Lubna Azabal,M��lissa D��sormeaux-Poulin,Maxim Gaudette,Mustafa Kamel,Hussein Sami,R��my Girard,Dominique Briand,Fr��d��ric Paquet,Hamed Najem,Ahmad Massad,Bader Alami,Majida Hussein,Asriah Nijres,John Dunn-Hill,Nadia Essadiqi,Chaouki Charbel,Axel Garbi,Amine Benzenine",Denis Villeneuve
110,To Kill a Mockingbird,1962,8.3,"Crime,Drama",2h 9m,"Gregory Peck,John Megna,Frank Overton,Rosemary Murphy,Ruth White,Brock Peters,Estelle Evans,Paul Fix,Collin Wilcox Paxton,James Anderson,Alice Ghostley,Robert Duvall,William Windom,Crahan Denton,Richard Hale,Mary Badham,Phillip Alford,R.L. Armstrong",Robert Mulligan
111,Heat,1995,8.3,"Action,Crime,Drama",2h 50m,"Al Pacino,Robert De Niro,Val Kilmer,Jon Voight,Tom Sizemore,Diane Venora,Amy Brenneman,Ashley Judd,Mykelti Williamson,Wes Studi,Ted Levine,Dennis Haysbert,William Fichtner,Natalie Portman,Tom Noonan,Kevin Gage,Hank Azaria,Susan Traylor",Michael Mann
112,The Sting,1973,8.3,"Comedy,Crime,Drama",2h 9m,"Paul Newman,Robert Redford,Robert Shaw,Charles Durning,Ray Walston,Eileen Brennan,Harold Gould,John Heffernan,Dana Elcar,Jack Kehoe,Dimitra Arliss,Robert Earl Jones,James Sloyan,Charles Dierkop,Lee Paul,Sally Kirkland,Avon Long,Arch Johnson",George Roy Hill
113,Up,2009,8.3,"Animation,Adventure,Comedy",1h 36m,"Edward Asner,Jordan Nagai,John Ratzenberger,Christopher Plummer,Bob Peterson,Delroy Lindo,Jerome Ranft,David Kaye,Elie Docter,Jeremy Leary,Mickie McGowan,Danny Mann,Donald Fullilove,Jess Harnell,Josh Cooley,Pete Docter,Mark Andrews,Bob Bergen","Pete Docter,Bob Peterson(co-director)"
114,A Separation,2011,8.3,Drama,2h 3m,"Payman Maadi,Leila Hatami,Sareh Bayat,Shahab Hosseini,Sarina Farhadi,Merila Zare'i,Ali-Asghar Shahbazi,Babak Karimi,Kimia Hosseini,Shirin Yazdanbakhsh,Sohibanoo Zolqadr,Mohammadhasan Asghari,Shirin Azimiyannezhad,Hamid Dadju,Mohammad Ebrahimian,Samad Farhang,Ali Fattahi,Nafise Ghodrati",Asghar Farhadi
115,Metropolis,1927,8.3,"Drama,Sci-Fi",2h 33m,"Brigitte Helm,Alfred Abel,Gustav Fr?hlich,Rudolf Klein-Rogge,Fritz Rasp,Theodor Loos,Erwin Biswanger,Heinrich George,Fritz Alberti,Grete Berger,Olly Boeheim,Max Dietze,Ellen Frey,Beatrice Garga,Heinrich Gotho,Dolly Grey,Anny Hintze,Gottfried Huppertz",Fritz Lang
116,Taxi Driver,1976,8.2,"Crime,Drama",1h 54m,"Robert De Niro,Jodie Foster,Cybill Shepherd,Albert Brooks,Diahnne Abbott,Frank Adu,Victor Argo,Gino Ardito,Garth Avery,Peter Boyle,Harry Cohn,Copper Cunningham,Brenda Dickson,Harry Fischler,Nat Grant,Leonard Harris,Richard Higgs,Beau Kayser",Martin Scorsese
117,L.A. Confidential,1997,8.2,"Crime,Drama,Mystery",2h 18m,"Kevin Spacey,Russell Crowe,Guy Pearce,Kim Basinger,James Cromwell,Danny DeVito,David Strathairn,Ron Rifkin,Matt McCoy,Paul Guilfoyle,Paolo Seganti,Elisabeth Granli,Sandra Taylor,Steve Rankin,Graham Beckel,Allan Graf,Precious Chong,Symba",Curtis Hanson
118,Die Hard,1988,8.2,"Action,Thriller",2h 12m,"Bruce Willis,Alan Rickman,Bonnie Bedelia,Reginald VelJohnson,Paul Gleason,De'voreaux White,William Atherton,Hart Bochner,James Shigeta,Alexander Godunov,Bruno Doyon,Andreas Wisniewski,Clarence Gilyard Jr.,Joseph Plewa,Lorenzo Caccialanza,G��rard Bonn,Dennis Hayden,Al Leong",John McTiernan
119,Snatch,2000,8.2,"Comedy,Crime",1h 42m,"Jason Statham,Brad Pitt,Stephen Graham,Vinnie Jones,Ade,William Beck,Andy Beckwith,Ewen Bremner,Jason Buckham,Mickey Cantwell,Nicola Collins,Teena Collins,Charles Cork,James Cunningham,Sorcha Cusack,Mickey Dee,Benicio Del Toro,Sam Douglas",Guy Ritchie
120,Indiana Jones and the Last Crusade,1989,8.2,"Action,Adventure",2h 7m,"Harrison Ford,Sean Connery,Alison Doody,Denholm Elliott,John Rhys-Davies,Julian Glover,River Phoenix,Michael Byrne,Kevork Malikyan,Robert Eddison,Richard Young,Alexei Sayle,Alex Hyde-White,Paul Maxwell,Isla Blair,Vernon Dobtcheff,J.J. Hardy,Bradley Gregg",Steven Spielberg
121,Bicycle Thieves,1948,8.3,Drama,1h 29m,"Lamberto Maggiorani,Enzo Staiola,Lianella Carell,Elena Altieri,Gino Saltamerenda,Giulio Chiari,Vittorio Antonucci,Michele Sakara,Fausto Guerzoni,Emma Druetti,Carlo Jachino,Giulio Battiferri,Ida Bracci Dorati,Nando Bruno,Eolo Capritti,Memmo Carotenuto,Giovanni Corporale,Veriano Ginesi",Vittorio De Sica
122,Like Stars on Earth,2007,8.3,"Drama,Family",2h 45m,"Darsheel Safary,Aamir Khan,Tisca Chopra,Vipin Sharma,Sachet Engineer,Tanay Chheda,Lalitha Lajmi,Girija Oak,Ravi Khanvilkar,Pratima Kulkarni,Meghna Malik,Sonali Sachdev,Sanjay Dadhich,Rajgopal Iyer,Bugs Bhargava Krishna,Shankar Sachdev,M.K. Raina,Gurkirtan","Aamir Khan,Amole Gupte(uncredited)"
123,1917,2019,8.2,"Action,Drama,War",1h 59m,"Dean-Charles Chapman,George MacKay,Daniel Mays,Colin Firth,Pip Carter,Andy Apollo,Paul Tinto,Josef Davies,Billy Postlethwaite,Gabriel Akuwudike,Andrew Scott,Spike Leighton,Robert Maaser,Gerran Howell,Adam Hugill,Mark Strong,Richard McCabe,Benjamin Adams",Sam Mendes
124,Downfall,2004,8.2,"Biography,Drama,History",2h 36m,"Bruno Ganz,Alexandra Maria Lara,Ulrich Matthes,Juliane K?hler,Corinna Harfouch,Heino Ferch,Christian Berkel,Matthias Habich,Thomas Kretschmann,Michael Mendl,Andr�� Hennicke,Ulrich Noethen,Birgit Minichmayr,Rolf Kanies,Justus von Dohn��nyi,Dieter Mann,Christian Redl,G?tz Otto",Oliver Hirschbiegel
125,Dangal,2016,8.3,"Action,Biography,Drama",2h 41m,"Aamir Khan,Sakshi Tanwar,Fatima Sana Shaikh,Sanya Malhotra,Aparshakti Khurana,Zaira Wasim,Suhani Bhatnagar,Ritvik Sahore,Girish Kulkarni,Ravi Aneja,Anurag Arora,Mahesh Balraj,Vivan Bhatena,Anmol Charan,Karamveer Choudhary,Ishika Gagneja,Badrul Islam,Jagbir",Nitesh Tiwari
126,For a Few Dollars More,1965,8.2,Western,2h 12m,"Clint Eastwood,Lee Van Cleef,Gian Maria Volont��,Mara Krupp,Luigi Pistilli,Klaus Kinski,Luis Rodr��guez,Benito Stefanelli,Panos Papadopulos,Aldo Sambrell,Roberto Camardiel,Joseph Egger,Tom��s Blanco,Lorenzo Robledo,Dante Maggio,Sergio Mendiz��bal,Diana Rabito,Giovanni Tarallo",Sergio Leone
127,Batman Begins,2005,8.2,"Action,Crime,Drama",2h 20m,"Christian Bale,Michael Caine,Ken Watanabe,Liam Neeson,Katie Holmes,Gary Oldman,Cillian Murphy,Tom Wilkinson,Rutger Hauer,Mark Boone Junior,Linus Roache,Morgan Freeman,Larry Holden,Gerard Murphy,Colin McFarlane,Sara Stewart,Gus Lewis,Richard Brake",Christopher Nolan
128,The Kid,1921,8.3,"Comedy,Drama,Family",1h 8m,"Charles Chaplin,Edna Purviance,Jackie Coogan,Carl Miller,Albert Austin,Beulah Bains,Nellie Bly Baker,Henry Bergman,Edward Biby,B.F. Blinn,Kitty Bradbury,Frank Campeau,Bliss Chevalier,Frances Cochran,Elsie Codd,Jack Coogan Sr.,Estelle Cook,Lillian Crane",Charles Chaplin
129,Some Like It Hot,1959,8.2,"Comedy,Music,Romance",2h 1m,"Marilyn Monroe,Tony Curtis,Jack Lemmon,George Raft,Pat O'Brien,Joe E. Brown,Nehemiah Persoff,Joan Shawlee,Billy Gray,George E. Stone,Dave Barry,Mike Mazurki,Harry Wilson,Beverly Wills,Barbara Drew,Edward G. Robinson Jr.,Sam Bagley,Brandon Beach",Billy Wilder
130,The Father,2020,8.2,"Drama,Mystery",1h 37m,"Anthony Hopkins,Olivia Colman,Mark Gatiss,Olivia Williams,Imogen Poots,Rufus Sewell,Ayesha Dharker,Roman Zeller,Adnan Kundi,Brian Rodger,Evie Wray",Florian Zeller
131,All About Eve,1950,8.2,Drama,2h 18m,"Bette Davis,Anne Baxter,George Sanders,Celeste Holm,Gary Merrill,Hugh Marlowe,Gregory Ratoff,Barbara Bates,Marilyn Monroe,Thelma Ritter,Walter Hampden,Randy Stuart,Craig Hill,Leland Harris,Barbara White,Eddie Fisher,William Pullen,Claude Stroud",Joseph L. Mankiewicz
132,The Wolf of Wall Street,2013,8.2,"Biography,Comedy,Crime",3h,"Leonardo DiCaprio,Jonah Hill,Margot Robbie,Matthew McConaughey,Kyle Chandler,Rob Reiner,Jon Bernthal,Jon Favreau,Jean Dujardin,Joanna Lumley,Cristin Milioti,Christine Ebersole,Shea Whigham,Katarina Cas,P.J. Byrne,Kenneth Choi,Brian Sacca,Henry Zebrowski",Martin Scorsese
133,Green Book,2018,8.2,"Biography,Comedy,Drama",2h 10m,"Viggo Mortensen,Mahershala Ali,Linda Cardellini,Sebastian Maniscalco,Dimiter D. Marinov,Mike Hatton,P.J. Byrne,Joe Cortese,Maggie Nixon,Von Lewis,Jon Sortland,Don Stark,Anthony Mangano,Paul Sloan,Quinn Duffy,Seth Hurwitz,Hudson Galloway,Gavin Lyle Foley",Peter Farrelly
134,Judgment at Nuremberg,1961,8.3,"Drama,War",2h 59m,"Spencer Tracy,Burt Lancaster,Richard Widmark,Marlene Dietrich,Maximilian Schell,Judy Garland,Montgomery Clift,William Shatner,Werner Klemperer,Kenneth MacKenna,Torben Meyer,Joseph Bernard,Alan Baxter,Edward Binns,Virginia Christine,Otto Waldis,Karl Swenson,Martin Brandt",Stanley Kramer
135,Casino,1995,8.2,"Crime,Drama",2h 58m,"Robert De Niro,Sharon Stone,Joe Pesci,James Woods,Don Rickles,Alan King,Kevin Pollak,L.Q. Jones,Dick Smothers,Frank Vincent,John Bloom,Pasquale Cajano,Melissa Prophet,Bill Allison,Vinny Vella,Philip Suriano,Erika von Tagen,Frankie Avalon",Martin Scorsese
136,Ran,1985,8.2,"Action,Drama,War",2h 42m,"Tatsuya Nakadai,Akira Terao,Jinpachi Nezu,Daisuke Ry?,Mieko Harada,Yoshiko Miyazaki,Hisashi Igawa,P?ta,Masayuki Yui,Kazuo Kat?,Norio Matsui,Toshiya Ito,Kenji Kodama,Takashi Watanabe,Mansai Nomura,Takeshi Kat?,Jun Tazaki,Hitoshi Ueki",Akira Kurosawa
137,Pan's Labyrinth,2006,8.2,"Drama,Fantasy,War",1h 58m,"Ivana Baquero,Ariadna Gil,Sergi L��pez,Maribel Verd��,Doug Jones,��lex Angulo,Manolo Solo,C��sar Vea,Roger Casamajor,Ivan Massagu��,Gonzalo Uriarte,Eusebio L��zaro,Francisco Vidal,Juanjo Cucal��n,Lina Mira,Mario Zorrilla,Sebasti��n Haro,Mila Espiga",Guillermo del Toro
138,The Truman Show,1998,8.2,"Comedy,Drama",1h 43m,"Jim Carrey,Ed Harris,Laura Linney,Noah Emmerich,Natascha McElhone,Holland Taylor,Brian Delate,Blair Slater,Peter Krause,Heidi Schanz,Ron Taylor,Don Taylor,Ted Raymond,Judy Clayton,Fritz Dominique,Angel Schmiedt,Nastassja Schmiedt,Muriel Moore",Peter Weir
139,There Will Be Blood,2007,8.2,Drama,2h 38m,"Daniel Day-Lewis,Paul Dano,Ciar��n Hinds,Martin Stringer,Matthew Braden Stringer,Jacob Stringer,Joseph Mussey,Barry Del Sherman,Harrison Taylor,Stockton Taylor,Paul F. Tompkins,Dillon Freasier,Kevin Breznahan,Jim Meskimen,Erica Sullivan,Randall Carver,Coco Leigh,Sydney McCallister",Paul Thomas Anderson
140,Unforgiven,1992,8.2,"Drama,Western",2h 10m,"Clint Eastwood,Gene Hackman,Morgan Freeman,Richard Harris,Jaimz Woolvett,Saul Rubinek,Frances Fisher,Anna Thomson,David Mucci,Rob Campbell,Anthony James,Tara Frederick,Beverley Elliott,Liisa Repo-Martell,Josie Smith,Shane Meier,Aline Levasseur,Cherrilene Cardinal",Clint Eastwood
141,The Sixth Sense,1999,8.2,"Drama,Mystery,Thriller",1h 47m,"Bruce Willis,Haley Joel Osment,Toni Collette,Olivia Williams,Trevor Morgan,Donnie Wahlberg,Peter Anthony Tambakis,Jeffrey Zubernis,Bruce Norris,Glenn Fitzgerald,Greg Wood,Mischa Barton,Angelica Page,Lisa Summerour,Firdous Bamji,Samia Shoaib,Hayden Saunier,Janis Dardaris",M. Night Shyamalan
142,Shutter Island,2010,8.2,"Mystery,Thriller",2h 18m,"Leonardo DiCaprio,Emily Mortimer,Mark Ruffalo,Ben Kingsley,Max von Sydow,Michelle Williams,Patricia Clarkson,Jackie Earle Haley,Ted Levine,John Carroll Lynch,Elias Koteas,Robin Bartlett,Christopher Denham,Nellie Sciutto,Joseph Sikora,Curtiss Cook,Raymond Anthony Thomas,Joseph McKenna",Martin Scorsese
143,A Beautiful Mind,2001,8.2,"Biography,Drama",2h 15m,"Russell Crowe,Ed Harris,Jennifer Connelly,Christopher Plummer,Paul Bettany,Adam Goldberg,Josh Lucas,Anthony Rapp,Jason Gray-Stanford,Judd Hirsch,Austin Pendleton,Vivien Cardone,Jillie Simon,Victor Steinbach,Tanya Clarke,Thomas F. Walsh,Jesse Doran,Kent Cassella",Ron Howard
144,Jurassic Park,1993,8.2,"Action,Adventure,Sci-Fi",2h 7m,"Sam Neill,Laura Dern,Jeff Goldblum,Richard Attenborough,Bob Peck,Martin Ferrero,BD Wong,Joseph Mazzello,Ariana Richards,Samuel L. Jackson,Wayne Knight,Gerald R. Molen,Miguel Sandoval,Cameron Thor,Christopher John Fields,Whit Hertford,Dean Cundey,Jophery C. Brown",Steven Spielberg
145,Yojimbo,1961,8.2,"Action,Drama,Thriller",1h 50m,"Toshir? Mifune,Eijir? T?no,Tatsuya Nakadai,Y?ko Tsukasa,Isuzu Yamada,Daisuke Kat?,Seizabur? Kawazu,Takashi Shimura,Hiroshi Tachikawa,Y?suke Natsuki,Kamatari Fujiwara,Ikio Sawamura,Atsushi Watanabe,Susumu Fujita,Ky? Sazanka,K? Nishimura,Takeshi Kat?,Ichir? Nakatani",Akira Kurosawa
146,The Treasure of the Sierra Madre,1948,8.2,"Adventure,Drama,Western",2h 6m,"Humphrey Bogart,Walter Huston,Tim Holt,Bruce Bennett,Barton MacLane,Alfonso Bedoya,Arturo Soto Rangel,Manuel Dond��,Jos�� Torvay,Margarito Luna,Robert Blake,Guillermo Calles,Roberto Ca?edo,Spencer Chan,Jacqueline Dalya,Ralph Dunn,Ernesto Escoto,Pat Flaherty",John Huston
147,Monty Python and the Holy Grail,1975,8.2,"Adventure,Comedy,Fantasy",1h 31m,"Graham Chapman,John Cleese,Eric Idle,Terry Gilliam,Terry Jones,Michael Palin,Connie Booth,Carol Cleveland,Neil Innes,Bee Duffell,John Young,Rita Davies,Avril Stewart,Sally Kinghorn,Mark Zycon,Elspeth Cameron,Mitsuko Forstater,Sandy Johnson","Terry Gilliam,Terry Jones"
148,The Great Escape,1963,8.2,"Adventure,Drama,History",2h 52m,"Steve McQueen,James Garner,Richard Attenborough,Charles Bronson,James Donald,Donald Pleasence,James Coburn,Hannes Messemer,David McCallum,Gordon Jackson,John Leyton,Angus Lennie,Nigel Stock,Robert Graf,Jud Taylor,Hans Reiser,Harry Riebauer,William Russell",John Sturges
149,No Country for Old Men,2007,8.2,"Crime,Drama,Thriller",2h 2m,"Tommy Lee Jones,Javier Bardem,Josh Brolin,Woody Harrelson,Kelly Macdonald,Garret Dillahunt,Tess Harper,Barry Corbin,Stephen Root,Rodger Boyce,Beth Grant,Ana Reeder,Kit Gwin,Zach Hopkins,Chip Love,Eduardo Antonio Garcia,Gene Jones,Myk Watford","Ethan Coen,Joel Coen"
150,Spider-Man: No Way Home,2021,8.2,"Action,Adventure,Fantasy",2h 28m,"Tom Holland,Zendaya,Benedict Cumberbatch,Jacob Batalon,Jon Favreau,Jamie Foxx,Willem Dafoe,Alfred Molina,Benedict Wong,Tony Revolori,Marisa Tomei,Andrew Garfield,Tobey Maguire,Angourie Rice,Arian Moayed,Paula Newsome,Hannibal Buress,Martin Starr",Jon Watts
151,Kill Bill: Vol. 1,2003,8.2,"Action,Crime,Drama",1h 51m,"Uma Thurman,David Carradine,Daryl Hannah,Michael Madsen,Lucy Liu,Vivica A. Fox,Julie Dreyfus,Chiaki Kuriyama,Shin'ichi Chiba,Chia-Hui Liu,Michael Parks,Michael Bowen,Jun Kunimura,Kenji ?ba,Yuki Kazamatsuri,James Parks,Sakichi Sato,Jonathan Loughran",Quentin Tarantino
152,Rashomon,1950,8.2,"Crime,Drama,Mystery",1h 28m,"Toshir? Mifune,Machiko Ky?,Masayuki Mori,Takashi Shimura,Minoru Chiaki,Kichijir? Ueda,Noriko Honma,Daisuke Kat?",Akira Kurosawa
153,The Thing,1982,8.2,"Horror,Mystery,Sci-Fi",1h 49m,"Kurt Russell,Wilford Brimley,Keith David,Richard Masur,T.K. Carter,David Clennon,Richard Dysart,Charles Hallahan,Peter Maloney,Donald Moffat,Joel Polis,Thomas G. Waites,Norbert Weisser,Larry Franco,Nate Irwin,William Zeman,Adrienne Barbeau,John Carpenter",John Carpenter
154,Finding Nemo,2003,8.2,"Animation,Adventure,Comedy",1h 40m,"Albert Brooks,Ellen DeGeneres,Alexander Gould,Willem Dafoe,Brad Garrett,Allison Janney,Austin Pendleton,Stephen Root,Vicki Lewis,Joe Ranft,Geoffrey Rush,Andrew Stanton,Elizabeth Perkins,Nicholas Bird,Bob Peterson,Barry Humphries,Eric Bana,Bruce Spence","Andrew Stanton,Lee Unkrich(co-director)"
155,The Elephant Man,1980,8.2,"Biography,Drama",2h 4m,"Anthony Hopkins,John Hurt,Anne Bancroft,John Gielgud,Wendy Hiller,Freddie Jones,Michael Elphick,Hannah Gordon,Helen Ryan,John Standing,Dexter Fletcher,Lesley Dunlop,Phoebe Nicholls,Pat Gorman,Claire Davenport,Orla Pederson,Patsy Smart,Frederick Treves",David Lynch
156,Chinatown,1974,8.2,"Drama,Mystery,Thriller",2h 10m,"Jack Nicholson,Faye Dunaway,John Huston,Perry Lopez,John Hillerman,Darrell Zwerling,Diane Ladd,Roy Jenson,Roman Polanski,Richard Bakalyan,Joe Mantell,Bruce Glover,Nandu Hinds,James O'Rear,James Hong,Beulah Quo,Jerry Fujikawa,Belinda Palmer",Roman Polanski
157,Raging Bull,1980,8.2,"Biography,Drama,Sport",2h 9m,"Robert De Niro,Cathy Moriarty,Joe Pesci,Frank Vincent,Nicholas Colasanto,Theresa Saldana,Mario Gallo,Frank Adonis,Joseph Bono,Frank Topham,Lori Anne Flax,Charles Scorsese,Don Dunphy,Bill Hanrahan,Rita Bennett,James V. Christy,Bernie Allen,Floyd Anderson",Martin Scorsese
158,V for Vendetta,2005,8.2,"Action,Drama,Sci-Fi",2h 12m,"Hugo Weaving,Natalie Portman,Rupert Graves,Stephen Rea,Stephen Fry,John Hurt,Tim Pigott-Smith,Roger Allam,Ben Miles,Sin��ad Cusack,Natasha Wightman,John Standing,Eddie Marsan,Clive Ashborn,Emma Field-Rayner,Ian Burfield,Mark Phoenix,Alister Mazzotti",James McTeigue
159,Gone with the Wind,1939,8.2,"Drama,Romance,War",3h 58m,"Clark Gable,Vivien Leigh,Thomas Mitchell,Barbara O'Neil,Evelyn Keyes,Ann Rutherford,George Reeves,Fred Crane,Hattie McDaniel,Oscar Polk,Butterfly McQueen,Victor Jory,Everett Brown,Howard Hickman,Alicia Rhett,Leslie Howard,Olivia de Havilland,Rand Brooks","Victor Fleming,George Cukor(uncredited),Sam Wood(uncredited)"
160,"Lock, Stock and Two Smoking Barrels",1998,8.2,"Action,Comedy,Crime",1h 47m,"Jason Flemyng,Dexter Fletcher,Nick Moran,Jason Statham,Steven Mackintosh,Nicholas Rowe,Nick Marcq,Charles Forbes,Vinnie Jones,Lenny McLean,Peter McNicholl,P.H. Moriarty,Frank Harper,Steve Sweeney,Huggy Leaver,Ronnie Fox,Tony McMahon,Stephen Marcus",Guy Ritchie
161,Inside Out,2015,8.2,"Animation,Adventure,Comedy",1h 35m,"Amy Poehler,Bill Hader,Lewis Black,Mindy Kaling,Phyllis Smith,Richard Kind,Kaitlyn Dias,Diane Lane,Kyle MacLachlan,Paula Poundstone,Bobby Moynihan,Paula Pell,Dave Goelz,Frank Oz,Josh Cooley,Flea,John Ratzenberger,Carlos Alazraqui","Pete Docter,Ronnie Del Carmen(co-director)"
162,Dial M for Murder,1954,8.2,"Crime,Thriller",1h 45m,"Ray Milland,Grace Kelly,Robert Cummings,John Williams,Anthony Dawson,Leo Britt,Patrick Allen,George Leigh,George Alderson,Robin Hughes,Richard Bender,Robin Sanders Clark,Jack Cunningham,Robert Dobson,Guy Doleman,Bess Flowers,Robert Garvin,Herschel Graham",Alfred Hitchcock
163,The Secret in Their Eyes,2009,8.2,"Drama,Mystery,Romance",2h 9m,"Ricardo Dar��n,Soledad Villamil,Pablo Rago,Carla Quevedo,Javier Godino,B��rbara Palladino,Rudy Romano,Alejandro Abelenda,Mario Alarc��n,Guillermo Francella,Sebasti��n Blanco,Mariano Argento,Jos�� Luis Gioia,Juan Jos�� Ort��z,Kiko Cerone,Fernando Pardo,Maximiliano Trento,Sergio Santana",Juan Jos�� Campanella
164,Howl's Moving Castle,2004,8.2,"Animation,Adventure,Family",1h 59m,"Chieko Baisho,Takuya Kimura,Tatsuya Gash?in,Akihiro Miwa,Ry?nosuke Kamiki,Mitsunori Isaki,Y? ?izumi,Akio ?tsuka,Daijir? Harada,Haruko Kat?,Jean Simmons,Christian Bale,Lauren Bacall,Blythe Danner,Emily Mortimer,Josh Hutcherson,Billy Crystal,Jena Malone",Hayao Miyazaki
165,"Three Billboards Outside Ebbing, Missouri",2017,8.1,"Comedy,Crime,Drama",1h 55m,"Frances McDormand,Woody Harrelson,Sam Rockwell,Caleb Landry Jones,Kerry Condon,Alejandro Barrios,Clarke Peters,Darrell Britt-Gibson,Abbie Cornish,Riya May Atwood,Selah Atwood,Lucas Hedges,Zeljko Ivanek,Amanda Warren,Malaya Rivera Drew,Sandy Martin,Peter Dinklage,Christopher Berry",Martin McDonagh
166,The Bridge on the River Kwai,1957,8.2,"Adventure,Drama,War",2h 41m,"William Holden,Alec Guinness,Jack Hawkins,Sessue Hayakawa,James Donald,Geoffrey Horne,Andr�� Morell,Peter Williams,John Boxer,Percy Herbert,Harold Goodwin,Ann Sears,Heihachir? ?kawa,Keiichir? Katsumoto,M.R.B. Chakrabandhu,Vilaiwan Seeboonreaung,Ngamta Suphaphongs,Javanart Punynchoti",David Lean
167,Trainspotting,1996,8.1,Drama,1h 33m,"Ewan McGregor,Ewen Bremner,Jonny Lee Miller,Kevin McKidd,Robert Carlyle,Kelly Macdonald,Peter Mullan,James Cosmo,Eileen Nicholas,Susan Vidler,Pauline Lynch,Shirley Henderson,Stuart McQuarrie,Irvine Welsh,Dale Winton,Keith Allen,Kevin Allen,Annie Louise Ross",Danny Boyle
168,Prisoners,2013,8.1,"Crime,Drama,Mystery",2h 33m,"Hugh Jackman,Jake Gyllenhaal,Viola Davis,Melissa Leo,Maria Bello,Terrence Howard,Paul Dano,Dylan Minnette,Zo? Soul,Erin Gerasimovich,Kyla-Drew,Wayne Duvall,Len Cariou,David Dastmalchian,Brad James,Anthony Reynolds,Robert C. Treveiler,Sandra Ellis Lafferty",Denis Villeneuve
169,Warrior,2011,8.2,"Action,Drama,Sport",2h 20m,"Tom Hardy,Nick Nolte,Joel Edgerton,Jennifer Morrison,Frank Grillo,Kevin Dunn,Maximiliano Hern��ndez,Bryan Callen,Sam Sheridan,Fernando Chien,Jake McLaughlin,Vanessa Martinez,Denzel Whitaker,Carlos Miranda,Nick Lehane,Laura Chinn,Capri Thomas,Lexi Cowan",Gavin O'Connor
170,Fargo,1996,8.1,"Crime,Thriller",1h 38m,"William H. Macy,Frances McDormand,Steve Buscemi,Peter Stormare,Kristin Rudr��d,Harve Presnell,Tony Denman,Gary Houston,Sally Wingert,Kurt Schweickhardt,Larissa Kokernot,Melissa Peterman,Steve Reevis,Warren Keith,Steve Edelman,Sharon Anderson,Larry Brandenburg,James Gaulke","Joel Coen,Ethan Coen(uncredited)"
171,Gran Torino,2008,8.1,Drama,1h 56m,"Clint Eastwood,Bee Vang,Christopher Carley,Ahney Her,Brian Haley,Geraldine Hughes,Dreama Walker,Brian Howe,John Carroll Lynch,William Hill,Brooke Chia Thao,Chee Thao,Choua Kue,Scott Eastwood,Xia Soua Chang,Sonny Vue,Doua Moua,Greg Trzaskoma",Clint Eastwood
172,My Neighbor Totoro,1988,8.1,"Animation,Comedy,Family",1h 26m,"Hitoshi Takagi,Noriko Hidaka,Chika Sakamoto,Shigesato Itoi,Sumi Shimamoto,Tanie Kitabayashi,Hiroko Maruyama,Machiko Washio,Reiko Suzuki,Masashi Hirose,Toshiyuki Amagasa,Shigeru Chiba,Naoki Tatsuta,Tarako,Tomohiro Nishimura,Mitsuko Ishida,Chie K?jiro,Daiki Nakamura",Hayao Miyazaki
173,Catch Me If You Can,2002,8.1,"Biography,Crime,Drama",2h 21m,"Leonardo DiCaprio,Tom Hanks,Christopher Walken,Martin Sheen,Nathalie Baye,Amy Adams,James Brolin,Brian Howe,Frank John Hughes,Steve Eastin,Chris Ellis,John Finn,Jennifer Garner,Nancy Lenehan,Ellen Pompeo,Elizabeth Banks,Guy Thauvette,Candice Azzara",Steven Spielberg
174,Million Dollar Baby,2004,8.1,"Drama,Sport",2h 12m,"Hilary Swank,Clint Eastwood,Morgan Freeman,Jay Baruchel,Mike Colter,Lucia Rijker,Br��an F. O'Byrne,Anthony Mackie,Margo Martindale,Riki Lindhome,Michael Pe?a,Benito Martinez,Bruce MacVittie,David Powledge,Joe D'Angerio,Marcus Chait,Tom McCleister,Erica Grant",Clint Eastwood
175,Children of Heaven,1997,8.2,"Drama,Family,Sport",1h 29m,"Mohammad Amir Naji,Amir Farrokh Hashemian,Bahare Seddiqi,Nafise Jafar-Mohammadi,Fereshte Sarabandi,Kamal Mirkarimi,Behzad Rafi,Dariush Mokhtari,Mohammad-Hasan Hosseinian,Masume Dair,Kambiz Peykarnegar,Hasan Roohparvari,Abbas-Ali Roomandi,Jafar Seyfollahi,Qolamreza Maleki,Zahra Mirzai,Sara Zamani,Mohammad Haj-Hosseini",Majid Majidi
176,Blade Runner,1982,8.1,"Action,Drama,Sci-Fi",1h 57m,"Harrison Ford,Rutger Hauer,Sean Young,Edward James Olmos,M. Emmet Walsh,Daryl Hannah,William Sanderson,Brion James,Joe Turkel,Joanna Cassidy,James Hong,Morgan Paull,Kevin Thompson,John Edward Allen,Hy Pyke,Kimiko Hiroshige,Bob Okazaki,Carolyn DeMirjian",Ridley Scott
177,The Gold Rush,1925,8.1,"Adventure,Comedy,Drama",1h 35m,"Charles Chaplin,Mack Swain,Tom Murray,Henry Bergman,Malcolm Waite,Georgia Hale,Jack Adams,Frank Aderias,Leona Aderias,Lillian Adrian,Sam Allen,Claude Anderson,Harry Arras,Albert Austin,Marta Belfort,William Bell,Francis Bernhardt,F.J. Beuaregard",Charles Chaplin
178,Before Sunrise,1995,8.1,"Drama,Romance",1h 41m,"Ethan Hawke,Julie Delpy,Andrea Eckert,Hanno P?schl,Karl Bruckschwaiger,Tex Rubinowitz,Erni Mangold,Dominik Castell,Haymon Maria Buttinger,Harald Waiglein,Bilge Jeschim,Kurti,Hans Weingartner,Liese Lyon,Peter Ily Huemer,Otto Reiter,Hubert Fabian Kulterer,Branko Andric",Richard Linklater
179,12 Years a Slave,2013,8.1,"Biography,Drama,History",2h 14m,"Chiwetel Ejiofor,Michael Kenneth Williams,Michael Fassbender,Brad Pitt,Dwight Henry,Dickie Gravois,Bryan Batt,Ashley Dyke,Kelsey Scott,Quvenzhan�� Wallis,Cameron Zeigler,Tony Bentley,Scoot McNairy,Taran Killam,Christopher Berry,Bill Camp,Mister Mackey Jr.,Chris Chalk",Steve McQueen
180,Klaus,2019,8.2,"Animation,Adventure,Comedy",1h 36m,"Jason Schwartzman,J.K. Simmons,Rashida Jones,Will Sasso,Neda Margrethe Labba,Sergio Pablos,Norm MacDonald,Joan Cusack,Evan Agos,Sky Alexis,Jaeden Bettencourt,Teddy Blum,Mila Brener,Sydney Brower,Finn Carr,Kendall Joy Hall,Hailey Hermida,Lexie Holland","Sergio Pablos,Carlos Mart��nez L��pez(co-director)"
181,Harry Potter and the Deathly Hallows: Part 2,2011,8.1,"Adventure,Family,Fantasy",2h 10m,"Daniel Radcliffe,Emma Watson,Rupert Grint,Michael Gambon,Ralph Fiennes,Alan Rickman,Evanna Lynch,Domhnall Gleeson,Cl��mence Po��sy,Warwick Davis,John Hurt,Helena Bonham Carter,Graham Duff,Anthony Allgood,Rusty Goffe,Jon Key,Kelly Macdonald,Jason Isaacs",David Yates
182,On the Waterfront,1954,8.1,"Crime,Drama,Thriller",1h 48m,"Marlon Brando,Karl Malden,Lee J. Cobb,Rod Steiger,Pat Henning,Leif Erickson,James Westerfield,Tony Galento,Tami Mauriello,John F. Hamilton,John Heldabrand,Rudy Bond,Don Blackman,Arthur Keegan,Abe Simon,Eva Marie Saint,Martin Balsam,Dan Bergin",Elia Kazan
183,Ben-Hur,1959,8.1,"Adventure,Drama",3h 32m,"Charlton Heston,Jack Hawkins,Stephen Boyd,Haya Harareet,Hugh Griffith,Martha Scott,Cathy O'Donnell,Sam Jaffe,Finlay Currie,Frank Thring,Terence Longdon,George Relph,Andr�� Morell,Nello Appodia,Fortunato Arena,Bruno Ari��,Les Ballets Africains,Emma Baron",William Wyler
184,Gone Girl,2014,8.1,"Drama,Mystery,Thriller",2h 29m,"Ben Affleck,Rosamund Pike,Neil Patrick Harris,Tyler Perry,Carrie Coon,Kim Dickens,Patrick Fugit,David Clennon,Lisa Banes,Missi Pyle,Emily Ratajkowski,Casey Wilson,Lola Kirke,Boyd Holbrook,Sela Ward,Lee Norris,Jamie McShane,Leonard Kelly-Young",David Fincher
185,The Grand Budapest Hotel,2014,8.1,"Adventure,Comedy,Crime",1h 39m,"Ralph Fiennes,F. Murray Abraham,Mathieu Amalric,Adrien Brody,Willem Dafoe,Jeff Goldblum,Harvey Keitel,Jude Law,Bill Murray,Edward Norton,Saoirse Ronan,Jason Schwartzman,L��a Seydoux,Tilda Swinton,Tom Wilkinson,Owen Wilson,Tony Revolori,Larry Pine",Wes Anderson
186,Wild Strawberries,1957,8.1,"Drama,Romance",1h 31m,"Victor Sj?str?m,Bibi Andersson,Ingrid Thulin,Gunnar Bj?rnstrand,Jullan Kindahl,Folke Sundquist,Bj?rn Bjelfvenstam,Naima Wifstrand,Gunnel Brostr?m,Gertrud Fridh,Sif Ruud,Gunnar Sj?berg,Max von Sydow,?ke Fridell,Yngve Nordwall,Per Sj?strand,Gio Petr��,Gunnel Lindblom",Ingmar Bergman
187,The General,1926,8.1,"Action,Adventure,Comedy",1h 7m,"Buster Keaton,Marion Mack,Glen Cavender,Jim Farley,Frederick Vroom,Frank Barnes,Charles Henry Smith,Joe Keaton,Mike Donlin,Tom Nawn,Henry Baird,Joe Bricher,Jimmy Bryant,Sergeant Bukowski,C.C. Cruson,Jack Dempster,Keith Fennell,Budd Fine","Clyde Bruckman,Buster Keaton"
188,The Third Man,1949,8.1,"Film-Noir,Mystery,Thriller",1h 33m,"Orson Welles,Joseph Cotten,Alida Valli,Trevor Howard,Paul H?rbiger,Ernst Deutsch,Erich Ponto,Siegfried Breuer,Hedwig Bleibtreu,Bernard Lee,Wilfrid Hyde-White,Nelly Arno,Jack Arrow,Harold Ayer,Harry Belcher,Leo Bieber,Paul Birch,Martin Boddey",Carol Reed
189,In the Name of the Father,1993,8.1,"Biography,Crime,Drama",2h 13m,"Daniel Day-Lewis,Pete Postlethwaite,Alison Crosbie,Philip King,Emma Thompson,Nye Heron,Anthony Brophy,Frankie McCafferty,Paul Warriner,Julian Walsh,Stuart Wolfenden,Jo Connor,Karen Carlisle,Seamus Moran,Billy Byrne,Maureen McBride,Jane Nolan,Laurence Griffin",Jim Sheridan
190,The Deer Hunter,1978,8.1,"Drama,War",3h 3m,"Robert De Niro,Christopher Walken,John Cazale,John Savage,Meryl Streep,George Dzundza,Chuck Aspegren,Shirley Stoler,Rutanya Alda,Pierre Segui,Mady Kaplan,Amy Wright,Mary Ann Haenel,Richard Kuss,Joe Grifasi,Christopher Colombi Jr.,Victoria Karnafel,Jack Scardino",Michael Cimino
191,Barry Lyndon,1975,8.1,"Adventure,Drama,War",3h 5m,"Ryan O'Neal,Marisa Berenson,Patrick Magee,Hardy Kr��ger,Steven Berkoff,Gay Hamilton,Marie Kean,Diana K?rner,Murray Melvin,Frank Middlemass,Andr�� Morell,Arthur O'Sullivan,Godfrey Quigley,Leonard Rossiter,Philip Stone,Leon Vitali,John Bindon,Roger Booth",Stanley Kubrick
192,Hacksaw Ridge,2016,8.1,"Biography,Drama,History",2h 19m,"Andrew Garfield,Sam Worthington,Luke Bracey,Teresa Palmer,Richard Pyros,Jacob Warner,Milo Gibson,Darcy Bryce,Roman Guerriero,James Lugton,Kasia Stelmach,Hugo Weaving,Rachel Griffiths,Jarin Towney,Tim McGarry,Tyler Coppin,Richard Platt,Nathaniel Buzolic",Mel Gibson
193,The Wages of Fear,1953,8.2,"Adventure,Drama,Thriller",2h 11m,"Yves Montand,Charles Vanel,Peter van Eyck,Folco Lulli,V��ra Clouzot,William Tubbs,Dar��o Moreno,Jo Dest,Antonio Centa,Luis De Lima,Gr��goire Gromoff,Josep Palau i Fabre,Faustini,Seguna,Darling L��gitimus,Ren�� Baranger,Pat Hurst,Evelio Larenagas",Henri-Georges Clouzot
194,Memories of Murder,2003,8.1,"Crime,Drama,Mystery",2h 12m,"Song Kang-ho,Kim Sang-kyung,Roe-ha Kim,Jae-ho Song,Byun Hee-Bong,Seo-hie Ko,Tae-ho Ryu,No-shik Park,Park Hae-il,Mi-seon Jeon,Young-hwa Seo,Woo Go-na,Ok-joo Lee,Jong-ryol Choi,Seung-mok Yoo,Hun-Kyung Lee,Shin Hyun-jong,Jae-eung Lee",Bong Joon Ho
195,Sherlock Jr.,1924,8.2,"Action,Comedy,Romance",45m,"Buster Keaton,Kathryn McGuire,Joe Keaton,Erwin Connelly,Ward Crane,Jane Connelly,George Davis,Doris Deane,Christine Francis,Betsy Ann Hisle,Kewpie Morgan,Steve Murphy,John Patrick,Ford West",Buster Keaton
196,Wild Tales,2014,8.1,"Comedy,Drama,Thriller",2h 2m,"Dar��o Grandinetti,Mar��a Marull,M��nica Villa,Diego Starosta,Marcelo Frasca,Lucila Mangone,Mar��a Laura Caccamo,Carlos Alberto Vavassori,Pablo Machado,Horacio Vay,Javier Pedersoli,H��ctor Drachtman,Mar��a Rosa L��pez Ottonello,Rita Cortese,Julieta Zylberberg,C��sar Bord��n,Juan Santiago Linari,Leonardo Sbaraglia",Dami��n Szifron
197,Mr. Smith Goes to Washington,1939,8.1,"Comedy,Drama",2h 9m,"James Stewart,Jean Arthur,Claude Rains,Edward Arnold,Guy Kibbee,Thomas Mitchell,Eugene Pallette,Beulah Bondi,H.B. Warner,Harry Carey,Astrid Allwyn,Ruth Donnelly,Grant Mitchell,Porter Hall,H.V. Kaltenborn,Charles Lane,Pierre Watkin,Dick Elliott",Frank Capra
198,Mad Max: Fury Road,2015,8.1,"Action,Adventure,Sci-Fi",2h,"Tom Hardy,Charlize Theron,Nicholas Hoult,Zo? Kravitz,Hugh Keays-Byrne,Josh Helman,Nathan Jones,Rosie Huntington-Whiteley,Riley Keough,Abbey Lee,Courtney Eaton,John Howard,Richard Carter,Iota,Angus Sampson,Jennifer Hagan,Megan Gale,Melissa Jaffer",George Miller
199,The Seventh Seal,1957,8.1,"Drama,Fantasy",1h 36m,"Max von Sydow,Gunnar Bj?rnstrand,Bengt Ekerot,Nils Poppe,Bibi Andersson,Inga Gill,Maud Hansson,Inga Landgr��,Gunnel Lindblom,Bertil Anderberg,Anders Ek,?ke Fridell,Gunnar Olsson,Erik Strandmark,Siv Aleros,Sten Ardenstam,Harry Asklund,Benkt-?ke Benktsson",Ingmar Bergman
200,Mary and Max,2009,8.1,"Animation,Comedy,Drama",1h 32m,"Toni Collette,Philip Seymour Hoffman,Eric Bana,Barry Humphries,Christopher Massey,Oliver Marks,Daisy Kocher,Daniel Marks,Hamish Hughes,Dan Doherty,Julie Forsyth,Mandy Mao,Patrick McCabe,Adam Elliot,Mr. Peck,Michael James Allen,Bill Murphy,Shaun Patten",Adam Elliot
201,How to Train Your Dragon,2010,8.1,"Animation,Action,Adventure",1h 38m,"Jay Baruchel,Gerard Butler,Christopher Mintz-Plasse,Craig Ferguson,America Ferrera,Jonah Hill,T.J. Miller,Kristen Wiig,Robin Atkin Downes,Philip McGrade,Kieron Elliott,Ashley Jensen,David Tennant","Dean DeBlois,Chris Sanders"
202,Room,2015,8.1,"Drama,Thriller",1h 58m,"Brie Larson,Jacob Tremblay,Sean Bridgers,Wendy Crewson,Sandy McMaster,Matt Gordon,Amanda Brugel,Joe Pingue,Joan Allen,Zarrin Darnell-Martin,Cas Anvar,William H. Macy,Jee-Yun Lee,Randal Edwards,Justin Mader,Ola Sturik,Rodrigo Fernandez-Stoll,Rory O'Shea",Lenny Abrahamson
203,"Monsters, Inc.",2001,8.1,"Animation,Adventure,Comedy",1h 32m,"Billy Crystal,John Goodman,Mary Gibbs,Steve Buscemi,James Coburn,Jennifer Tilly,Bob Peterson,John Ratzenberger,Frank Oz,Daniel Gerson,Steve Susskind,Bonnie Hunt,Jeff Pidgeon,Samuel Lord Black,Jack Angel,Bob Bergen,Rodger Bumpass,Gino Conforti","Pete Docter,David Silverman(co-director),Lee Unkrich(co-director)"
204,Jaws,1975,8.1,"Adventure,Thriller",2h 4m,"Roy Scheider,Robert Shaw,Richard Dreyfuss,Lorraine Gary,Murray Hamilton,Carl Gottlieb,Jeffrey Kramer,Susan Backlinie,Jonathan Filley,Ted Grossman,Chris Rebello,Jay Mello,Lee Fierro,Jeffrey Voorhees,Craig Kingsbury,Robert Nevin,Peter Benchley,Jonathan Searle",Steven Spielberg
205,Dead Poets Society,1989,8.1,"Comedy,Drama",2h 8m,"Robin Williams,Robert Sean Leonard,Ethan Hawke,Josh Charles,Gale Hansen,Dylan Kussman,Allelon Ruggiero,James Waterston,Norman Lloyd,Kurtwood Smith,Carla Belver,Leon Pownall,George Martin,Joe Aufiery,Matt Carey,Kevin Cooney,Jane Moore,Lara Flynn Boyle",Peter Weir
206,The Big Lebowski,1998,8.1,"Comedy,Crime",1h 57m,"Jeff Bridges,John Goodman,Julianne Moore,Steve Buscemi,David Huddleston,Philip Seymour Hoffman,Tara Reid,Philip Moon,Mark Pellegrino,Peter Stormare,Flea,Torsten Voges,Jimmie Dale Gilmore,Jack Kehler,John Turturro,James G. Hoosier,Carlos Leon,Terrence Burton","Joel Coen,Ethan Coen(uncredited)"
207,Tokyo Story,1953,8.2,Drama,2h 16m,"Chish? Ry?,Chieko Higashiyama,S? Yamamura,Setsuko Hara,Haruko Sugimura,Kuniko Miyake,Ky?ko Kagawa,Eijir? T?no,Nobuo Nakamura,Shir? ?saka,Hisao Toake,Teruko Nagaoka,Mutsuko Sakura,Toyo Takahashi,T?ru Abe,Sachiko Mitani,Zen Murase,Mitsuhiro M?ri",Yasujir? Ozu
208,The Passion of Joan of Arc,1928,8.2,"Biography,Drama,History",1h 54m,"Maria Falconetti,Eugene Silvain,Andr�� Berley,Maurice Schutz,Antonin Artaud,Michel Simon,Jean d'Yd,Louis Ravet,Armand Lurville,Jacques Arnna,Alexandre Mihalesco,L��on Larive,Jean Aym��,Camille Bardou,Gilbert Dacheux,Gilbert Dalleu,Paul Delauzac,Dimitri Dimitriev",Carl Theodor Dreyer
209,Hotel Rwanda,2004,8.1,"Biography,Drama,History",2h 1m,"Don Cheadle,Sophie Okonedo,Joaquin Phoenix,Xolani Mali,Desmond Dube,Hakeem Kae-Kazim,Tony Kgoroge,Rosie Motene,Neil McCarthy,Mabutho 'Kid' Sithole,Nick Nolte,Fana Mokoena,Jeremiah Ndlovu,Lebo Mashile,Antonio David Lyons,Leleti Khumalo,Kgomotso Seitshohlo,Lerato Mokgotho",Terry George
210,Ford v Ferrari,2019,8.1,"Action,Biography,Drama",2h 32m,"Matt Damon,Christian Bale,Jon Bernthal,Caitr��ona Balfe,Josh Lucas,Noah Jupe,Tracy Letts,Remo Girone,Ray McKinnon,JJ Feild,Jack McMullen,Corrado Invernizzi,Joe Williamson,Ian Harding,Christopher Darga,Shawn Law,Emil Beheshti,Darrin Prescott",James Mangold
211,Rocky,1976,8.1,"Drama,Sport",2h,"Sylvester Stallone,Talia Shire,Burt Young,Carl Weathers,Burgess Meredith,Thayer David,Joe Spinell,Jimmy Gambina,Bill Baldwin,Al Silvani,George Memmoli,Jodi Letizia,Diana Lewis,George O'Hanlon,Larry Carroll,Stan Shaw,Don Sherman,Billy Sands",John G. Avildsen
212,Platoon,1986,8.1,"Drama,War",2h,"Charlie Sheen,Tom Berenger,Willem Dafoe,Keith David,Forest Whitaker,Francesco Quinn,Kevin Dillon,John C. McGinley,Reggie Johnson,Mark Moses,Corey Glover,Johnny Depp,Chris Pedersen,Bob Orwig,Corkey Ford,David Neidorf,Richard Edson,Tony Todd",Oliver Stone
213,Ratatouille,2007,8.1,"Animation,Adventure,Comedy",1h 51m,"Brad Garrett,Lou Romano,Patton Oswalt,Ian Holm,Brian Dennehy,Peter Sohn,Peter O'Toole,Janeane Garofalo,Will Arnett,Julius Callahan,James Remar,John Ratzenberger,Teddy Newton,Tony Fucile,Jake Steinfeld,Brad Bird,St��phane Roux,Jack Bird","Brad Bird,Jan Pinkava(co-director)"
214,Spotlight,2015,8.1,"Biography,Crime,Drama",2h 9m,"Mark Ruffalo,Michael Keaton,Rachel McAdams,Liev Schreiber,John Slattery,Brian d'Arcy James,Stanley Tucci,Elena Wohl,Gene Amoroso,Doug Murray,Sharon McFarlane,Jamey Sheridan,Neal Huff,Billy Crudup,Robert B. Kennedy,Duane Murray,Brian Chamberlain,Michael Cyril Creighton",Tom McCarthy
215,The Terminator,1984,8.1,"Action,Sci-Fi",1h 47m,"Arnold Schwarzenegger,Linda Hamilton,Michael Biehn,Paul Winfield,Lance Henriksen,Rick Rossovich,Bess Motta,Earl Boen,Dick Miller,Shawn Schepps,Bruce M. Kerner,Franco Columbu,Bill Paxton,Brad Rearden,Brian Thompson,William Wisher,Ken Fritz,Tom Oberhaus",James Cameron
216,Logan,2017,8.1,"Action,Drama,Sci-Fi",2h 17m,"Hugh Jackman,Patrick Stewart,Dafne Keen,Boyd Holbrook,Stephen Merchant,Elizabeth Rodriguez,Richard E. Grant,Eriq La Salle,Elise Neal,Quincy Fouse,Al Coronel,Frank Gallegos,Anthony Escobar,Reynaldo Gallegos,Krzysztof Soszynski,Stephen Dunlevy,Daniel Bernhardt,Ryan Sturz",James Mangold
217,Stand by Me,1986,8.1,"Adventure,Drama",1h 29m,"Wil Wheaton,River Phoenix,Corey Feldman,Jerry O'Connell,Kiefer Sutherland,Casey Siemaszko,Gary Riley,Bradley Gregg,Jason Oliver Lipsett,Marshall Bell,Frances Lee McCain,Bruce Kirby,William Bronder,Scott Beach,Richard Dreyfuss,John Cusack,Madeleine Swift,Popeye",Rob Reiner
218,Rush,2013,8.1,"Action,Biography,Drama",2h 3m,"Daniel Br��hl,Chris Hemsworth,Olivia Wilde,Alexandra Maria Lara,Pierfrancesco Favino,David Calder,Natalie Dormer,Stephen Mangan,Christian McKay,Alistair Petrie,Julian Rhind-Tutt,Colin Stinton,Jamie de Courcey,Augusto Dallara,Ilario Calvo,Patrick Baladi,Vincent Riotta,Martin Savage",Ron Howard
219,Network,1976,8.1,Drama,2h 1m,"Faye Dunaway,William Holden,Peter Finch,Robert Duvall,Wesley Addy,Ned Beatty,Arthur Burghardt,Bill Burrows,John Carpenter,Jordan Charney,Kathy Cronkite,Ed Crowley,Jerome Dempsey,Conchata Ferrell,Gene Gross,Stanley Grover,Cindy Grover,Darryl Hickman",Sidney Lumet
220,Into the Wild,2007,8.1,"Adventure,Biography,Drama",2h 28m,"Emile Hirsch,Vince Vaughn,Catherine Keener,Marcia Gay Harden,William Hurt,Jena Malone,Brian H. Dierker,Kristen Stewart,Hal Holbrook,Jim Gallien,James O'Neill,Malinda McCollum,Paul Knauls,Zach Galifianakis,Craig Mutsch,Jim Beidler,John Decker,John Hofer",Sean Penn
221,Before Sunset,2004,8.1,"Drama,Romance",1h 20m,"Ethan Hawke,Julie Delpy,Vernon Dobtcheff,Louise Lemoine Torr��s,Rodolphe Pauly,Mariane Plasteig,Diabolo,Denis Evrard,Albert Delpy,Marie Pillet",Richard Linklater
222,The Wizard of Oz,1939,8.1,"Adventure,Family,Fantasy",1h 42m,"Judy Garland,Frank Morgan,Ray Bolger,Bert Lahr,Jack Haley,Billie Burke,Margaret Hamilton,Charley Grapewin,Pat Walshe,Clara Blandick,Terry,The Singer Midgets,Franz Balluck,Josefine Balluck,Dorothy Barrett,Amelia Batchelor,Charles Becker,Freda Betsky","Victor Fleming,George Cukor(uncredited),Mervyn LeRoy(uncredited)"
223,Pather Panchali,1955,8.3,Drama,2h 5m,"Kanu Bannerjee,Karuna Bannerjee,Subir Banerjee,Chunibala Devi,Uma Das Gupta,Runki Banerjee,Reba Devi,Aparna Devi,Tulsi Chakraborty,Haren Banerjee,Rampada Das,Nibhanani Devi,Rama Gangopadhaya,Roma Ganguli,Binoy Mukherjee,Haridhan Nag,Harimohan Nag,Kshirod Roy",Satyajit Ray
224,Groundhog Day,1993,8.1,"Comedy,Drama,Fantasy",1h 41m,"Bill Murray,Andie MacDowell,Chris Elliott,Stephen Tobolowsky,Brian Doyle-Murray,Marita Geraghty,Angela Paton,Rick Ducommun,Rick Overton,Robin Duke,Carol Bivins,Willie Garson,Ken Hudson Campbell,Les Podewell,Rod Sell,Tom Milanovich,John M. Watson Sr.,Peggy Roeder",Harold Ramis
225,The Best Years of Our Lives,1946,8.1,"Drama,Romance,War",2h 50m,"Myrna Loy,Dana Andrews,Fredric March,Teresa Wright,Virginia Mayo,Cathy O'Donnell,Hoagy Carmichael,Harold Russell,Gladys George,Roman Bohnen,Ray Collins,Minna Gombell,Walter Baldwin,Steve Cochran,Dorothy Adams,Don Beddoe,Marlene Aames,Charles Halton",William Wyler
226,The Exorcist,1973,8.1,Horror,2h 2m,"Ellen Burstyn,Max von Sydow,Linda Blair,Lee J. Cobb,Kitty Winn,Jack MacGowran,Jason Miller,William O'Malley,Barton Heyman,Peter Masterson,Rudolf Sch��ndler,Gina Petrushka,Robert Symonds,Arthur Storch,Thomas Bermingham,Vasiliki Maliaros,Titos Vandis,John Mahon",William Friedkin
227,The Incredibles,2004,8,"Animation,Action,Adventure",1h 55m,"Craig T. Nelson,Samuel L. Jackson,Holly Hunter,Jason Lee,Dominique Louis,Teddy Newton,Jean Sincere,Eli Fucile,Maeve Andrews,Wallace Shawn,Spencer Fox,Lou Romano,Wayne Canney,Sarah Vowell,Michael Bird,Elizabeth Pe?a,Bud Luckey,Brad Bird",Brad Bird
228,To Be or Not to Be,1942,8.2,"Comedy,Romance,War",1h 39m,"Carole Lombard,Jack Benny,Robert Stack,Felix Bressart,Lionel Atwill,Stanley Ridges,Sig Ruman,Tom Dugan,Charles Halton,George Lynn,Henry Victor,Maude Eburne,Halliwell Hobbes,Miles Mander,Rudolph Anders,Paul Barrett,Sven Hugo Borg,Danny Borzage",Ernst Lubitsch
229,La haine,1995,8.1,"Crime,Drama",1h 38m,"Vincent Cassel,Hubert Kound��,Sa?d Taghmaoui,Abdel Ahmed Ghili,Solo,Joseph Momo,H��lo?se Rauth,Rywka Wajsbrot,Olga Abrego,Laurent Labasse,Choukri Gabteni,Nabil Ben Mhamed,Beno?t Magimel,M��dard Niang,Arash Mansour,Abdel-Moulah Boujdouni,Mathilde Vitry,Christian Moro",Mathieu Kassovitz
230,The Battle of Algiers,1966,8.1,"Drama,War",2h 1m,"Brahim Hadjadj,Jean Martin,Yacef Saadi,Samia Kerbash,Ugo Paletti,Fusia El Kader,Mohamed Ben Kassen,Franco Moruzzi,Tommaso Neri,Rou?ched,Gene Wesson",Gillo Pontecorvo
231,Pirates of the Caribbean: The Curse of the Black Pearl,2003,8.1,"Action,Adventure,Fantasy",2h 23m,"Johnny Depp,Geoffrey Rush,Orlando Bloom,Keira Knightley,Jack Davenport,Jonathan Pryce,Lee Arenberg,Mackenzie Crook,Damian O'Hare,Giles New,Angus Barnett,David Bailie,Michael Berry Jr.,Isaac C. Singleton Jr.,Kevin McNally,Treva Etienne,Zoe Saldana,Guy Siner",Gore Verbinski
232,Hachi: A Dog's Tale,2009,8.1,"Biography,Drama,Family",1h 33m,"Richard Gere,Joan Allen,Cary-Hiroyuki Tagawa,Sarah Roemer,Jason Alexander,Erick Avari,Davenia McFadden,Robbie Sublett,Kevin DeCoste,Rob Degnan,Tora Hallstr?m,Donna Sorbello,Frank S. Aronson,Troy Doherty,Ian Sherman,Timothy Crowe,Denece Ryland,Blake Friedman",Lasse Hallstr?m
233,The Grapes of Wrath,1940,8.1,Drama,2h 9m,"Henry Fonda,Jane Darwell,John Carradine,Charley Grapewin,Dorris Bowdon,Russell Simpson,O.Z. Whitehead,John Qualen,Eddie Quillan,Zeffie Tilbury,Frank Sully,Frank Darien,Darryl Hickman,Shirley Mills,Roger Imhof,Grant Mitchell,Charles D. Brown,John Arledge",John Ford
234,Jai Bhim,2021,8.8,"Crime,Drama,Mystery",2h 44m,"Suriya,Lijo Mol Jose,Manikandan K.,Rajisha Vijayan,Prakash Raj,Rao Ramesh,Guru Somasundaram,M.S. Bhaskar,V. Jayaprakash,Sibi Thomas,Ilavarasu,Jayarao,Sujatha Sivakumar,Ravi Venkatraman,Tamizh,Kumaravel,Supergood Subramani,Bala Hasan",T.J. Gnanavel
235,My Father and My Son,2005,8.2,"Drama,Family",1h 52m,"?etin Tekindor,Fikret Kuskan,H��meyra,Ege Tanman,Serif Sezer,Yetkin Dikinciler,Binnur Kaya,Mahmut G?kg?z,Nergis ?orak?i,Bilge Sen,Tuba B��y��k��st��n,?zge ?zberk,Erdal Tosun,Halit Ergen?,Tugyan Akay Kavuk?u,Ege Kaya,Muzaffer Demirel,Burak Ak?akaya",?agan Irmak
236,Amores Perros,2000,8.1,"Drama,Thriller",2h 34m,"Emilio Echevarr��a,Gael Garc��a Bernal,Goya Toledo,��lvaro Guerrero,Vanessa Bauche,Jorge Salinas,Marco P��rez,Rodrigo Murray,Humberto Busto,Gerardo Campbell,Rosa Mar��a Bianchi,Dunia Sald��var,Adriana Barraza,Jos�� Sefami,Lourdes Echevarr��a,Laura Almela,Ricardo Dalmacci,Gustavo S��nchez Parra",Alejandro G. I?��rritu
237,Rebecca,1940,8.1,"Drama,Film-Noir,Mystery",2h 10m,"Laurence Olivier,Joan Fontaine,George Sanders,Judith Anderson,Nigel Bruce,Reginald Denny,C. Aubrey Smith,Gladys Cooper,Florence Bates,Melville Cooper,Leo G. Carroll,Leonard Carey,Lumsden Hare,Edward Fielding,Philip Winter,Forrester Harvey,Bunny Beatty,Billy Bevan",Alfred Hitchcock
238,Cool Hand Luke,1967,8.1,"Crime,Drama",2h 7m,"Paul Newman,George Kennedy,Strother Martin,J.D. Cannon,Lou Antonio,Robert Drivas,Jo Van Fleet,Clifton James,Morgan Woodward,Luke Askew,Marc Cavell,Richard Davalos,Robert Donner,Warren Finnerty,Dennis Hopper,John McLiam,Wayne Rogers,Harry Dean Stanton",Stuart Rosenberg
239,The Handmaiden,2016,8.1,"Drama,Romance,Thriller",2h 25m,"Kim Min-hee,Ha Jung-woo,Cho Jin-woong,Moon So-ri,Kim Tae-ri,Yong-nyeo Lee,Min-chae Yoo,Dong-hwi Lee,Kim Hae-sook,Kyu-jung Lee,Si-eun Kim,Si-yeon Ha,Rina Takagi,Geun-hee Won,Jong-Dae Kim,Han-sun Jang,Eun-yeong Kim,Ri-woo Kim",Park Chan-wook
240,The 400 Blows,1959,8.1,"Crime,Drama",1h 39m,"Jean-Pierre L��aud,Albert R��my,Claire Maurier,Guy Decomble,Georges Flamant,Patrick Auffay,Daniel Couturier,Fran?ois Nocher,Richard Kanayan,Renaud Fontanarosa,Michel Girard,Serge Moati,Bernard Abbou,Jean-Fran?ois Bergouignan,Michel Lesignor,Luc Andrieux,Robert Beauvais,Bouchon",Fran?ois Truffaut
241,The Sound of Music,1965,8.1,"Biography,Drama,Family",2h 52m,"Julie Andrews,Christopher Plummer,Eleanor Parker,Richard Haydn,Peggy Wood,Charmian Carr,Heather Menzies-Urich,Nicholas Hammond,Duane Chase,Angela Cartwright,Debbie Turner,Kym Karath,Anna Lee,Portia Nelson,Ben Wright,Daniel Truhitte,Norma Varden,Gilchrist Stuart",Robert Wise
242,It Happened One Night,1934,8.1,"Comedy,Romance",1h 45m,"Clark Gable,Claudette Colbert,Walter Connolly,Roscoe Karns,Jameson Thomas,Alan Hale,Arthur Hoyt,Blanche Friderici,Charles C. Wilson,Ernie Adams,Jessie Arnold,Irving Bacon,William Bailey,William Begg,William A. Boardway,Ward Bond,Harry C. Bradley,George P. Breakston",Frank Capra
243,Persona,1966,8.1,"Drama,Thriller",1h 23m,"Bibi Andersson,Liv Ullmann,Margaretha Krook,Gunnar Bj?rnstrand,J?rgen Lindstr?m",Ingmar Bergman
244,Life of Brian,1979,8,Comedy,1h 34m,"Graham Chapman,John Cleese,Michael Palin,Terry Gilliam,Eric Idle,Terry Jones,Terence Bayler,Carol Cleveland,Kenneth Colley,Neil Innes,Charles McKeown,John Young,Gwen Taylor,Sue Jones-Davies,Peter Brett,John Case,Chris Langham,Andrew MacLachlan",Terry Jones
245,The Iron Giant,1999,8.1,"Animation,Action,Adventure",1h 26m,"Eli Marienthal,Harry Connick Jr.,Jennifer Aniston,Vin Diesel,James Gammon,Cloris Leachman,Christopher McDonald,John Mahoney,M. Emmet Walsh,Jack Angel,Bob Bergen,Mary Kay Bergman,Michael Bird,Devon Cole Borisoff,Rodger Bumpass,Robert Clotworthy,Jennifer Darling,Zack Eginton",Brad Bird
246,The Help,2011,8.1,Drama,2h 26m,"Viola Davis,Emma Stone,Octavia Spencer,Bryce Dallas Howard,Jessica Chastain,Ahna O'Reilly,Allison Janney,Anna Camp,Eleanor Henry,Emma Henry,Christopher Lowell,Cicely Tyson,Mike Vogel,Sissy Spacek,Brian Kerwin,Wes Chatham,Aunjanue Ellis,Ted Welch",Tate Taylor
247,Dersu Uzala,1975,8.2,"Adventure,Biography,Drama",2h 22m,"Maksim Munzuk,Yuriy Solomin,Mikhail Bychkov,Vladimir Khrulyov,V. Lastochkin,Stanislav Marin,Igor Sykhra,Vladimir Sergiyakov,Yanis Yakobsons,Vladimir Khlestov,G. Polunin,V. Koldin,M. Tetov,S. Sinyavskiy,Vladimir Sverba,V. Ignatov,Vladimir Kremena,Aleksandr Pyatkov",Akira Kurosawa
248,Aladdin,1992,8,"Animation,Adventure,Comedy",1h 30m,"Scott Weinger,Robin Williams,Linda Larkin,Jonathan Freeman,Frank Welker,Gilbert Gottfried,Douglas Seale,Charlie Adler,Jack Angel,Corey Burton,Philip L. Clarke,Jim Cummings,Jennifer Darling,Debi Derryberry,Bruce Gooch,Jerry Houser,Vera Lockwood,Sherry Lynn","Ron Clements,John Musker"
249,Gandhi,1982,8,"Biography,Drama,History",3h 11m,"Ben Kingsley,John Gielgud,Rohini Hattangadi,Roshan Seth,Candice Bergen,Edward Fox,Trevor Howard,John Mills,Martin Sheen,Ian Charleson,G��nther Maria Halmer,Athol Fugard,Saeed Jaffrey,Geraldine James,Alyque Padamsee,Amrish Puri,Ian Bannen,Michael Bryant",Richard Attenborough
250,Dances with Wolves,1990,8,"Adventure,Drama,Western",3h 1m,"Kevin Costner,Mary McDonnell,Graham Greene,Rodney A. Grant,Floyd 'Red Crow' Westerman,Tantoo Cardinal,Robert Pastorelli,Charles Rocket,Maury Chaykin,Jimmy Herman,Nathan Lee Chasing His Horse,Michael Spears,Jason R. Lone Hill,Tony Pierce,Doris Leader Charge,Tom Everett,Larry Joshua,Kirk Baltz",Kevin Costner
